title;authors;year;link
ВЫБОР ОПТИМАЛЬНОЙ СИСТЕМЫ РАЗРАБОТКИ ПО ОПЫТУ РАЗРАБОТКИ МЕСТОРОЖДЕНИЙ-АНАЛОГОВ НА ПРИМЕРЕ ПОЛЯРНОГО МЕСТОРОЖДЕНИЯ;Даценко Е.Н., Орлова И.О., Авакимян Н.Н.;2020;https://elibrary.ru/item.asp?id=43810388
РАЗРАБОТКА СПОСОБОВ УВЕЛИЧЕНИЯ НЕФТЕОТДАЧИ МЕСТОРОЖДЕНИЙ МАЛОПРОНИЦАЕМЫХ И ТРЕЩИННЫХ ПЛАСТОВ;Мамедова М.А.;2018;https://elibrary.ru/item.asp?id=35033775
СПРАВОЧНИК ПО ОХРАНЕ НЕДР. ПРАВИЛА ОХРАНЫ СООРУЖЕНИЙ И ПРИРОДНЫХ ОБЪЕКТОВ ОТ ВРЕДНОГО ВЛИЯНИЯ ПОДЗЕМНЫХ ГОРНЫХ РАЗРАБОТОК НА УГОЛЬНЫХ МЕСТОРОЖДЕНИЯХ;;2011;https://elibrary.ru/item.asp?id=19602784
DEVELOPMENT OF INFORMATION RESOURSE FOR MINERAL WATER DEPOSITS KMV;Martirosyan K.V., Martirosyan A.V., Makarova A.A., Zyuzin A.S.;2020;https://elibrary.ru/item.asp?id=44715762
БОЛЬШОЙ СПРАВОЧНИК ИНЖЕНЕРА НЕФТЕГАЗОДОБЫЧИ. РАЗРАБОТКА МЕСТОРОЖДЕНИЙ. ОБОРУДОВАНИЕ И ТЕХНОЛОГИИ ДОБЫЧИ;;2009;https://elibrary.ru/item.asp?id=19602048
"ТЕЗИСЫ ДОКЛАДОВ СПЕЦИАЛИЗИРОВАННОЙ НАУЧНОЙ СЕКЦИИ ""А"" ПОВЫШЕНИЕ ЭФФЕКТИВНОСТИ РАЗРАБОТКИ НЕФТЯНЫХ И ГАЗОВЫХ МЕСТОРОЖДЕНИЙ";;2003;https://elibrary.ru/item.asp?id=19600249
A JUSTIFICATION OF THE APPLICATION OF LOW-MINERALIZED FLOODING AT THE LATER STAGE OF OFFSHORE OIL FIELD DEVELOPMENT (IN ENGLISH);Tananykhin D.S., Selimov A.D., Saychenko L.A.;2021;https://elibrary.ru/item.asp?id=47393661
РАЗРАБОТКА МЕСТОРОЖДЕНИЙ С ПРИМЕНЕНИЕМ ПАВ - ПОЛИМЕРНОГО ЗАВОДНЕНИЯ;Щербакова А.С.;2017;https://elibrary.ru/item.asp?id=29921593
АНАЛИЗ РАЗРАБОТКИ ТАЛИНСКОЙ ПЛОЩАДИ КРАСНОЛЕНИНСКОГО МЕСТОРОЖДЕНИЯ;Корзунин М.Ю.;2017;https://elibrary.ru/item.asp?id=29921585
ИССЛЕДОВАНИЕ ФАКТОРОВ И РЕАЛИЗАЦИЯ МЕР ДОЛГОВРЕМЕННОЙ ЭКСПЛУАТАЦИИ НЕФТЯНЫХ И ГАЗОВЫХ СКВАЖИН;Басарыгин Ю.М.;2004;https://elibrary.ru/item.asp?id=19600552
EFFECT OF OIL FIELD DEVELOPMENT ON THE GEODYNAMIC STATE OF THE INTERIOR OF THE EARTH;Baryakh A.A., Kudryashov A.I., Eremina N.A., Gracheva E.A.;1998;https://elibrary.ru/item.asp?id=13281160
KIMBERLITE DEPOSITS OPENCAST MINING INNOVATIVE TECHNOLOGY WITH VARIABLE GEOMETRY OF NON-MINING OPEN PIT EDGES (IN ENGLISH);Akishev A.N., Lel' Iu.I., Bokii I.V., Isakov S.V., Glebov I.A.;2018;https://elibrary.ru/item.asp?id=36573349
DƏNIZ NEFT- QAZ YATAQLARININ MƏNIMSƏNILMƏSINDƏ SUALTI ISTISMAR SISTEMLƏRININ TƏTBIQI;Məhərrəmov A.A.;2023;https://elibrary.ru/item.asp?id=53857196
HYDRODYNAMIC MODELING OF FIELD DEVELOPMENT USING ENHANCED OIL RECOVERY METHODS;Moldabayeva G.Zh., Agzamov A.Kh., Suleimenova R.T., Elefteriadi D.K., Abileva S.Zh., Baluanov B.A.;2021;https://elibrary.ru/item.asp?id=46421090
ЖАМАН-АЙБАТ КЕНОРНЫНДА ҚАЗУ ЖҮЙЕСІНІҢ ПАРАМЕТРЛЕРІН ГЕОМЕХАНИКАЛЫҚ НЕГІЗДЕУ;Балпанова М.Ж., Жараспаев М.А., Жиенбаев А.Б., Тажибаев Д.К.;2022;https://elibrary.ru/item.asp?id=50296399
MONITORING OF NATURAL COMPLEXES WHILE DEVELOPING AND OPERATING THE FIELDS OF TIMAN-PECHORA OIL AND GAS PROVINCE;Storchak T.V., Didenko I.N., Didenko N.A.;2020;https://elibrary.ru/item.asp?id=43037708
VERMIKULITDAN TURLI MAHSULOTLAR OLISH UCHUN DASTLABKI BOYITISH JARAYONLARI;Voxidov B.R., Aripov A.R., Sayfullayev F.I., Ikromov A.M.O.G.Li.;2023;https://elibrary.ru/item.asp?id=59403399
STUDYING HYDROGEOLOGICAL CONDITIONS FOR THE PURPOSE OF DEVELOPING METHODS OF DRYING THE WALLS OF ZHAIREM DEPOSIT DALNEZAPADNY SITE;Bilimova I., Ponomareva Ye., Ponomareva M.;2024;https://elibrary.ru/item.asp?id=65619337
RQD МАССИВІНІҢ БҮЗЫЛУ КӨРСЕТКІШІ НЕГІЗІНДЕ ҚҮРЫЛҒАН КЕНОРНЫНЫҢ ОҢАЙЛАТЫЛГАН ГЕОМЕХАНИКАЛЫҚ МОДЕЛІН ӘЗІРЛЕУ ЖӘНЕ ҚОЛДАНУ;Ананин А.И., Тунгушбаева З.К., Макаров А.Б., Апшикур Б., Берікбол¥лы А.;2023;https://elibrary.ru/item.asp?id=54797675
ON INCREASING THE EFFICIENCY OF FIELD DEVELOPMENT BASED ON GEOPHYSICAL RESEARCH;Shahmuradov N., Shakarov H.;2024;https://elibrary.ru/item.asp?id=68564519
POSSIBILITIES FOR RECLAMATION OF DRAFTED SPACE DISTURBED AS A RESULT OF OPEN MINING OF MINERAL RESOURCES, IN THE UNITED ARAB EMIRATES;Latyshev O.Yu., Latysheva P.A., Radaelli M.E., Luisetto M.;2023;https://elibrary.ru/item.asp?id=74516380
ЖОҒАРЫ СУЛАНҒАН КЕН ОРЫНДАРДЫ ИГЕРУ ПРОБЛЕМАЛАРЫ;Абдыгалиева А.К.;2020;https://elibrary.ru/item.asp?id=43136521
RECULTIVATION APPROACHES TO THE ELABORATION OF GYPSUM RAW DEPOSITS AS A PART OF INNOVATIVE TECHNOLOGIES FOR THE PRODUCTION OF BUILDING MATERIALS;Ivanova O., Korotkova L., Khalikov R., Khakimova G.;2022;https://elibrary.ru/item.asp?id=47698715
PRELIMINARY SOFTENING OF FROZEN OVERBURDEN IN THE COURSE OF OPEN-PIT MINING OF MINERAL DEPOSITS OF THE NORTH;Khosoev D.V., Kaimonov M.V.;2024;https://elibrary.ru/item.asp?id=75994420
ANALYSIS OF THE FIELD DEVELOPMENT TAKING INTO ACCOUNT THE FEATURES OF TRANSIENT PROCESSES;Mammadov R.M., Sultanova A.V.;2024;https://elibrary.ru/item.asp?id=68531851
GEOECOLOGICAL METHODS TO REDUCE SAND AND WATER FLOW IN THE DEVELOPMENT OF WATERED OIL FIELDS IN ECUADOR;Vorobev A.E., Zaruma M.T.;2020;https://elibrary.ru/item.asp?id=44663341
OVERVIEW OF TECHNOLOGICAL METHODS FOR THE DEVELOPMENT OF HIGH-VISCOSITY OIL AND NATURAL BITUMEN DEPOSITS;Sokhodon G.V.;2023;https://elibrary.ru/item.asp?id=50446292
DETERMINING MODERN STRESS FIELD WHEN MINING ORE DEPOSITS;Khramtsov B.A., Lepetiukha D.S., Babushkin K.S.;2023;https://elibrary.ru/item.asp?id=54689693
COMBINING THE STAGES OF MINERAL DEPOSITS DEVELOPMENT;Valiev N.G., Razorenov Iu.I., Belodedov A.A., Maslennikov S.A., Shokhov S.O.;2024;https://elibrary.ru/item.asp?id=73160568
DEVELOPMENT OF THE TECHNOLOGY OF INTEGRATED PROCESSING THE CHELKAR DEPOSIT POTASH ORE;Assylkhankyzy A., Seitmagzimova G.M., Pochitalkina I.A., Seitmagzimov A.A.;2022;https://elibrary.ru/item.asp?id=49349431
САМАРЧУК ОЛТИН КОНИДА КОН БОСИМИ ТАЪСИРИНИ ҲИСОБГА ОЛГАН ҲОЛДА ОПТИМАЛ ҚАЗИБ ОЛИШ ВАРИАНТЛАРИНИ ТАНЛАШНИ ТАҲЛИЛ ҚИЛИШ;Махмудов Д.Р., Исраилов М.А., Шомуродов Ш.М.Ў., Солихов Ж.Т.Ў.;2023;https://elibrary.ru/item.asp?id=59403393
PROSPECTS OF DASCHKESAN IRON ORE DEPOSIT DEVELOPMENT;Afandiyeva Z.J.;2022;https://elibrary.ru/item.asp?id=48124361
CURRENT STATE OF THE KIRMAKI SUITE DEVELOPMENT OF THE BUZOVNY-MASHTAGA DEPOSIT AND PROSPECTS FOR REMOVAL OF RESIDUAL RESERVES;Pogorelova E., Shafiyev E.;2021;https://elibrary.ru/item.asp?id=45616033
ANALYSIS AND FORECAST OF INDICATORS FOR THE DEVELOPMENT OF THE ASSELSKAYA AREA OF ORENBURG OIL AND GAS CONDENSATE FIELD USING THE MATERIAL BALANCE METHOD;Fetisov A.E., Khatmullina R.S., Yakubov R.N.;2023;https://elibrary.ru/item.asp?id=63797609
STUDY OF INCLINED DEPOSITS OPENING UNDER THE COMBINED MINING SYSTEM: KUREINSKY AREA CASE-STUDY;Martyanov V.L., Markov S.O., Kolesnikov V.F., Tyuleneva E.A., Cehlár M., Janočko Ju., Márasová D., Cagáňová D.;2021;https://elibrary.ru/item.asp?id=47378373
DEVELOPMENT OF POLYMINERAL COMPOSITIONS FROM CLAYS OF THE UZBEKISTAN DEPOSIT FOR THE PURPOSE OF OBTAINING THERMOSTABLE DRILLING FLUID;Toshev Sh., Abdulloev Kh.;2022;https://elibrary.ru/item.asp?id=50113477
SOME ASPECTS OF IMPROVING UNDERGROUND MINING DEPOSITS OF COMPLEX STRUCTURE WITH A CONCRETE FILLING;Hung Vo.T.;2024;https://elibrary.ru/item.asp?id=74333339
КРОНТОВ КОНИ ГЛАУКОНИТ ҲОМАШЁСИНИ ҚАЙТА ИШЛАБ АДСОРБЕНТ ОЛИШ ТЕХНОЛОГИЯСИНИ ЯРАТИШ;Kurvandurdiev S.M.U., Babaev Z.K.;2022;https://elibrary.ru/item.asp?id=48557892
DEVELOPMENT OF A TECHNOLOGY FOR ENRICHMENT OF VERMICULITE ORE OF THE KARAUZYAK DEPOSIT;Aripov A., Saidakhmedov A., Vokhidov B.;2021;https://elibrary.ru/item.asp?id=47695977
DETERMINATION OF THE OIL RECOVERY FACTOR TO INCREASE THE EFFICIENCY OF REGULATION OF THE DEVELOPMENT OF OIL AND GAS FIELDS;Mansurova S.I., Mustafayeva R.E.;2022;https://elibrary.ru/item.asp?id=49278875
САРАЗМ - ОҒОЗИ КОР ДАР ИСТИХРОҶИ МАЪДАНҲОИ КӮҲӢ ДАР ТОҶИКИСТОН;Ҳоҷиев А.К., Самиҳов Ш.Р., Гулмирзоев Қ.Ҳ.;2020;https://elibrary.ru/item.asp?id=44850056
ANALYSIS OF GEOMECHANICAL PROCESSES IN THE DEVELOPMENT OF COMPLEX-STRUCTURED ORE DEPOSITS;Nasriddinov I., Karimov Sh., Dushanov D., Akberdiyev M.;2024;https://elibrary.ru/item.asp?id=68480045
IDENTIFICATION OF TECHNOLOGICAL INDICATORS’ CORRELATION DEPENDENCES OF PROJECTS FOR FIELD DEVELOPMENT WITH LOW-PERMEABILITY RESERVOIRS;Kozhin V.N., Nikitin A.V., Kireev I.I., Roshchin P.V., Pchela K.V.;2022;https://elibrary.ru/item.asp?id=49721002
МҰНАЙ КЕН ОРЫНДАРЫН ИГЕРУДІ ОҢТАЙЛАНДЫРУ ҮШІН ДЕРЕКТЕРДІ ЖІКТЕУ;Мейрамбек Н.М., Кенжебек Е.Ғ.;2021;https://elibrary.ru/item.asp?id=44928887
ИССЛЕДОВАНИЕ ОСОБЕННОСТЕЙ ФОРМИРОВАНИЯ ВОДОНЕФТЯНЫХ ЭМУЛЬСИЙ НА ПОЗДНЕЙ СТАДИИ РАЗРАБОТКИ НЕФТЯНЫХ МЕСТОРОЖДЕНИЙ И РАЗРАБОТКА ТЕХНОЛОГИЙ ИХ РАЗДЕЛЕНИЯ;Губайдулин Ф.Р.;2004;https://elibrary.ru/item.asp?id=15793684
РАЗРАБОТКА ЭФФЕКТИВНЫХ ТЕХНОЛОГИЙ ВЗРЫВНОГО ЗАВЕРШЕНИЯ РАЗРАБОТКИ ОКРУГЛЫХ КРУТОПАДАЮЩИХ МЕСТОРОЖДЕНИЙ;Токаренко А.В.;2010;https://elibrary.ru/item.asp?id=15571989
РАЗРАБОТКА МЕТОДА ОПРЕДЕЛЕНИЯ ЗОН ПОТЕНЦИАЛЬНОЙ АВАРИЙНОСТИ ПРИ РАЗРАБОТКЕ НЕФТЕГАЗОВЫХ МЕСТОРОЖДЕНИЙ ПО РЕЗУЛЬТАТАМ ГЕОДИНАМИЧЕСКОГО МОНИТОРИНГА ЗЕМНОЙ ПОВЕРХНОСТИ;Кузьмин Д.К.;2024;https://elibrary.ru/item.asp?id=74042445
РАЗРАБОТКА КЛИЕНТСКОЙ ЧАСТИ СППР ДЛЯ УПРАВЛЕНИЯ РАЗРАБОТКОЙ МЕСТОРОЖДЕНИЙ;Рыбина А.С.;2024;https://elibrary.ru/item.asp?id=72974176
ВЫДЕЛЕНИЕ ОБЪЕКТОВ РАЗРАБОТКИ С ЦЕЛЬЮ ИХ ИНТЕНСИФИКАЦИИ НА ПОЗДНЕЙ СТАДИИ РАЗРАБОТКИ МЕСТОРОЖДЕНИЯ;Рахмаев Л.Г.;2017;https://elibrary.ru/item.asp?id=30522402
РАЗРАБОТКА РОССЫПНЫХ МЕСТОРОЖДЕНИЙ СЕВЕРА КОМПЛЕКСАМИ ГЛУБОКОЙ РАЗРАБОТКИ ПЛАСТОВ;Ковлеков И.И.;2021;https://elibrary.ru/item.asp?id=47200244
АНАЛИЗ НАУЧНЫХ РАЗРАБОТОК И ПРАКТИКИ В РЕШЕНИИ ЭКОЛОГО-ЭКОНОМИЧЕСКИХ ЗАДАЧ ПРИ РАЗРАБОТКЕ БУРОУГОЛЬНЫХ МЕСТОРОЖДЕНИЙ;Боднарук Н.М.;2009;https://elibrary.ru/item.asp?id=13073438
РАЗРАБОТКА И ИССЛЕДОВАНИЕ МЕХАНИЗИРОВАННЫХ СПОСОБОВ ПОДЪЕМА ПРОДУКЦИИ ПРИ РАЗРАБОТКЕ МЕСТОРОЖДЕНИЙ ТЯЖЕЛЫХ И ВЫСОКОВЯЗКИХ НЕФТЕЙ СКВАЖИННЫМИ МЕТОДАМИ;Басос Г.Ю.;2003;https://elibrary.ru/item.asp?id=15786730
РАЗРАБОТКА АЛГОРИТМА РАСЧЕТА КОМПОНЕНТООДАЧИ ДЛЯ СОВЕРШЕНСТВОВАНИЯ РАЗРАБОТКИ ШЕЛЬФОВЫХ НЕФТЕГАЗОВЫХ МЕСТОРОЖДЕНИЙ СЕВЕРНОГО КАСПИЯ;Грицай И.А., Белугин А.Д., Магдеев И.Д., Чупеев А.В.;2024;https://elibrary.ru/item.asp?id=68009373
РАЗРАБОТКА ТЕХНОЛОГИЧЕСКИХ МЕТОДОВ ИЗВЛЕЧЕНИЯ ЗАПАСОВ, ПОДРАБОТАННЫХ КАМЕРНОЙ СИСТЕМОЙ РАЗРАБОТКИ, В УСЛОВИЯХ ТРЕТЬЕГО КАЛИЙНОГО ГОРИЗОНТА СТАРОБИНСКОГО МЕСТОРОЖДЕНИЯ;Петровский А.Б.;2023;https://elibrary.ru/item.asp?id=53836034
РАЗРАБОТКА КОМПЛЕКСНОГО ПАРАМЕТРА ОЦЕНКИ ГЕОЛОГО-ТЕХНИЧЕСКИХ МЕРОПРИЯТИЙ ДЛЯ НЕФТЯНОГО МЕСТОРОЖДЕНИЯ C ДЛИТЕЛЬНОЙ ИСТОРИЕЙ РАЗРАБОТКИ;Шакиров Е.Р., Еленец А.А., Тухватуллин А.М., Швец К.П.;2023;https://elibrary.ru/item.asp?id=54235180
ТЕХНИКО-ЭКОНОМИЧЕСКОЕ ОБОСНОВАНИЕ ЭФФЕКТИВНОСТИ РАЗРАБОТКИ ТУЛЬСКОГО И БОБРИКОВСКОГО ГОРИЗОНТОВ БИКЛЯНСКОГО МЕСТОРОЖДЕНИЯ КАК ЕДИНОГО ЭКСПЛУАТАЦИОННОГО ОБЪЕКТА РАЗРАБОТКИ;Кизим О.В., Исаева В.В., Хакимзянов И.Н., Кирейцев М.С., Музоваткина Е.Н.;2019;https://elibrary.ru/item.asp?id=42617901
РАЗРАБОТКА ЭНЕРГОЭФФЕКТИВНЫХ МЕТОДОВ И ТЕХНОЛОГИЧЕСКИХ СХЕМ ПОДДЕРЖАНИЯ ПЛАСТОВОГО ДАВЛЕНИЯ ПРИ РАЗРАБОТКЕ НЕФТЯНЫХ МЕСТОРОЖДЕНИЙ;Коннов В.А.;2012;https://elibrary.ru/item.asp?id=19379048
РАЗРАБОТКА МЕТОДОВ ОПРЕДЕЛЕНИЯ ФИЗИКО-ХИМИЧЕСКИХ ХАРАКТЕРИСТИК ЖИДКИХ ФЛЮИДОВ ПРИ КОНТРОЛЕ ЗА РАЗРАБОТКОЙ МЕСТОРОЖДЕНИЙ УГЛЕВОДОРОДОВ;Долбилина И.Е.;2000;https://elibrary.ru/item.asp?id=19158766
ВЛИЯНИЕ СИСТЕМЫ РАЗРАБОТКИ НЕФТЯНЫХ МЕСТОРОЖДЕНИЙ В ОСНОВНОЙ ПЕРИОД НА ПРОЦЕССЫ, ПРОТЕКАЮЩИЕ НА ПОЗДНЕЙ СТАДИИ РАЗРАБОТКИ;Лисовский Н.Н., Базив В.Ф., Яковлев А.В.;2008;https://elibrary.ru/item.asp?id=22980715
ПОВЫШЕНИЕ ЭФФЕКТИВНОСТИ РАЗРАБОТКИ СЛОЖНОПОСТРОЕННЫХ КАРБОНАТНЫХ КОЛЛЕКТОРОВ (НА ПРИМЕРЕ РАЗРАБОТКИ ЗАЛЕЖЕЙ 302-303 РОМАШКИНСКОГО МЕСТОРОЖДЕНИЯ);Хамидуллин М.М.;2006;https://elibrary.ru/item.asp?id=30308912
РАЗРАБОТКА ТЕХНОЛОГИИ И ТЕХНИКИ КАПИТАЛЬНОГО РЕМОНТА СКВАЖИН НА ПОЗДНЕЙ СТАДИИ РАЗРАБОТКИ ГАЗОКОНДЕНСАТНЫХ МЕСТОРОЖДЕНИЙ;Троцкий В.Ф.;1993;https://elibrary.ru/item.asp?id=30151350
ПЕРСПЕКТИВНЫЕ РАЗРАБОТКИ ЭНЕРГОСБЕРЕГАЮЩИХ ТЕХНОЛОГИЙ ПРИ РАЗРАБОТКЕ НЕФТЯНЫХ И ГАЗОВЫХ МЕСТОРОЖДЕНИЙ;Туманян Х.А.;2023;https://elibrary.ru/item.asp?id=60027785
СПОСОБ ШАХТНОЙ РАЗРАБОТКИ МЕСТОРОЖДЕНИЙ, РАЗДЕЛЕНИЯ ПОРОД, ЗАКЛАДКИ ВЫРАБОТАННОГО ПРОСТРАНСТВА И ДРУГОГО ВИДА РАБОТЫ ГОРНОЙ РАЗРАБОТКИ (X);Чжан Ц., Чжан Ц., Ци В., Ли М., Сунь Ц., Мэн Г.;2020;https://elibrary.ru/item.asp?id=44111817
РАЗРАБОТКА ПРОЕКТНОЙ ДОКУМЕНТАЦИИ НА СТРОИТЕЛЬСТВО СКВАЖИН С УЧЕТОМ ПРОЕКТА РАЗРАБОТКИ МЕСТОРОЖДЕНИЯ;Герасимов Г.Т., Кузнецов Р.Ю., Овчинников П.В.;2010;https://elibrary.ru/item.asp?id=19602576
РАЗРАБОТКА ГЕОИНФОРМАЦИОННОЙ СИСТЕМЫ ПРОГНОЗИРОВАНИЯ ДИНАМИЧЕСКИХ ПРОЯВЛЕНИЙ В УГЛЕВМЕЩАЮЩЕМ МАССИВЕ ПРИ ПОДЗЕМНОЙ РАЗРАБОТКЕ УГОЛЬНЫХ МЕСТОРОЖДЕНИЙ;Журавлев Е.И.;2016;https://elibrary.ru/item.asp?id=30446279
РАЗРАБОТКА РАЦИОНАЛЬНЫХ ТЕХНОЛОГИЧЕСКИХ СХЕМ ВОЗВЕДЕНИЯ ЗАКЛАДОЧНЫХ МАССИВОВ ПРИ РАЗРАБОТКЕ РУДНЫХ МЕСТОРОЖДЕНИИ;Кайназаров А.С., Болатова А.Б., Изжанов К.Е.;2018;https://elibrary.ru/item.asp?id=36630648
РАЗРАБОТКА КОМПЛЕКСНОЙ ТЕХНОЛОГИИ ТЕРМОГАЗОБАРОВОЗДЕЙСТВИЯ НА ПРИЗАБОЙНУЮ ЗОНУ ПЛАСТА НА ЗАВЕРШАЮЩЕЙ СТАДИИ РАЗРАБОТКИ НЕФТЯНЫХ МЕСТОРОЖДЕНИЙ;Гуторов А.Ю.;2009;https://elibrary.ru/item.asp?id=15936509
РАЗРАБОТКА ОБРАЗОВАТЕЛЬНОГО ПРИЛОЖЕНИЯ ДЛЯ ПРОГНОЗА ОСНОВНЫХ ПОКАЗАТЕЛЕЙ РАЗРАБОТКИ НЕФТЯНЫХ МЕСТОРОЖДЕНИЙ С ПРИМЕНЕНИЕМ ХАРАКТЕРИСТИК ВЫТЕСНЕНИЯ НЕФТИ ВОДОЙ;Шумко В.С., Мамчистова Е.И.;2024;https://elibrary.ru/item.asp?id=78060944
РАЗРАБОТКА СПОСОБОВ ПРЕДУПРЕЖДЕНИЯ ГЕОДИНАМИЧЕСКИХ ЯВЛЕНИЙ ПРИ РАЗРАБОТКЕ УДАРООПАСНЫХ МЕСТОРОЖДЕНИЙ;Христолюбов Е.А., Еременко А.А., Филиппов В.Н.;2020;https://elibrary.ru/item.asp?id=46580438
РАЗРАБОТКА ЭФФЕКТИВНЫХ МЕТОДОВ ВЗРЫВАНИЯ В СЛОЖНЫХ (ГЕОЛОГИЧЕСКИХ И ГОРНО-ТЕХНОЛОГИЧЕСКИХ) УСЛОВИЯХ РАЗРАБОТКИ МЕСТОРОЖДЕНИЙ ПОЛЕЗНЫХ ИСКОПАЕМЫХ;Шевкун Е.Б., Бондаренко А.Н., Мирошников В.И., Леоненко Н.А.;1995;https://elibrary.ru/item.asp?id=44229510
О РАЗРАБОТКЕ НАЦИОНАЛЬНОЙ СИСТЕМЫ СТАНДАРТИЗАЦИИ В ОБЛАСТИ РАЗРАБОТКИ МЕТАНОУГОЛЬНЫХ МЕСТОРОЖДЕНИЙ;Белова Э.А.;2020;https://elibrary.ru/item.asp?id=48594318
РАЗРАБОТКА ПРОГРЕССИВНОЙ МОДЕЛИ УПРАВЛЕНИЯ РИСКАМИ ВОЗНИКНОВЕНИЯ ПРОФЕССИОНАЛЬНЫХ ЗАБОЛЕВАНИЙ У РАБОТНИКОВ ПРИ РАЗРАБОТКЕ УГОЛЬНЫХ МЕСТОРОЖДЕНИЙ;Фомин А.И., Анисимов И.М.;2018;https://elibrary.ru/item.asp?id=36815283
РАЗРАБОТКА ЭНЕРГОЭФФЕКТИВНЫХ МЕТОДОВ И ТЕХНОЛОГИЧЕСКИХ СХЕМ ПОДДЕРЖАНИЯ ПЛАСТОВОГО ДАВЛЕНИЯ ПРИ РАЗРАБОТКЕ НЕФТЯНЫХ МЕСТОРОЖДЕНИЙ;Коннов В.А.;2012;https://elibrary.ru/item.asp?id=19278925
РАЗРАБОТКА СИСТЕМЫ УПРАВЛЕНИЯ БУРОВЫМ УСТРОЙСТВОМ ПРИ РАЗРАБОТКЕ ТРУДНОДОСТУПНЫХ ЗАПАСОВ МЕСТОРОЖДЕНИЙ УГЛЕВОДОРОДОВ;Крысин Н.И.;2016;https://elibrary.ru/item.asp?id=53940541
СОВЕРШЕНСТВОВАНИЕ РАЗРАБОТКИ МЕСТОРОЖДЕНИЙ ТРИЗ С ПРИМЕНЕНИЕМ СИСТЕМЫ РАЗРАБОТКИ НЕФТЯНЫХ ЗАЛЕЖЕЙ ГОРИЗОНТАЛЬНЫМИ СКВАЖИНАМИ С МНОГОЗОННЫМ ГРП;Абдушукуров А.А.;2018;https://elibrary.ru/item.asp?id=35092114
СПОСОБ РАЗРАБОТКИ КРУТОПАДАЮЩИХ МЕСТОРОЖДЕНИЙ ТВЕРДЫХ ПОЛЕЗНЫХ ИСКОПАЕМЫХ И АВТОМАТИЗИРОВАННЫЙ КОМПЛЕКС ГЛУБОКОЙ РАЗРАБОТКИ;Чебан А.Ю.;2015;https://elibrary.ru/item.asp?id=37426252
ВЛИЯНИЕ ГЕОМЕХАНИЧЕСКИХ ЭФФЕКТОВ ПРИ РАЗРАБОТКЕ ГРУППЫ ПЛАСТОВ НА РИСКИ БУРЕНИЯ, РАЗРАБОТКИ И ИНТЕНСИФИКАЦИИ МЕСТОРОЖДЕНИЯ;Павлов В.А., Павлюков Н.А., Субботин М.Д., Самойлов М.И., Ягудин Р.А., Александров А.А., Головизнин А.Ю.;2022;https://elibrary.ru/item.asp?id=50015604
РАЗРАБОТКА МЕТОДОВ И СРЕДСТВ ИНТЕНСИФИКАЦИИ ЦИКЛИЧНО-ПОТОЧНОЙ ТЕХНОЛОГИИ ОТКРЫТОЙ РАЗРАБОТКИ СЛОЖНО-СТРУКТУРНЫХ МЕСТОРОЖДЕНИЙ;Коломников С.С.;2005;https://elibrary.ru/item.asp?id=15833356
"РАЗРАБОТКА РЕСУРСОСБЕРЕГАЮЩЕЙ И ЭКОЛОГИЧЕСКИ БЕЗОПАСНОЙ ТЕХНОЛОГИИ ПОДЗЕМНОЙ РАЗРАБОТКИ РОССЫПНОГО МЕСТОРОЖДЕНИЯ АЛМАЗОВ ""СОЛУР""";Николаева А.А., Петрова Л.В.;2012;https://elibrary.ru/item.asp?id=20763499
РАЗРАБОТКА РЕКОМЕНДАЦИЙ ПО ПОВЫШЕНИЮ ЭФФЕКТИВНОСТИ РАЗРАБОТКИ НЕФТЯНОГО МЕСТОРОЖДЕНИЯ ПЕРМСКОГО КРАЯ И ИХ ТЕХНИКО-ЭКОНОМИЧЕСКОЕ ОБОСНОВАНИЕ;Вотинова А.О.;2020;https://elibrary.ru/item.asp?id=44712609
ОБОСНОВАНИЕ ПРИНЯТОЙ МЕТОДОЛОГИИ ПРОГНОЗИРОВАНИЯ ТЕХНОЛОГИЧЕСКИХ ПОКАЗАТЕЛЕЙ РАЗРАБОТКИ ГАЗОКОНДЕНСАТНОГО МЕСТОРОЖДЕНИЯ ПРИ РАЗРАБОТКЕ МЕТОДОМ ДВОЙНОГО ЗАКАЧИВАНИЯ;Баширова А.Ф.;2023;https://elibrary.ru/item.asp?id=53958126
РАЗРАБОТКА ТЕХНОЛОГИЧЕСКИХ РЕШЕНИЙ, ПОВЫШАЮЩИХ ЭФФЕКТИВНОСТЬ РАЗРАБОТКИ НЕФТЯНЫХ МЕСТОРОЖДЕНИЙ НА ЗАВЕРШАЮЩЕЙ СТАДИИ РАЗРАБОТКИ;Корецкий П.Э.;2024;https://elibrary.ru/item.asp?id=74509920
НАУЧНО-МЕТОДИЧЕСКИЙ ПОДХОД К РАЗРАБОТКЕ ПРОЕКТОВ ОПЫТНО-ПРОМЫШЛЕННЫХ ИСПЫТАНИЙ ОТКРЫТОЙ РАЗРАБОТКИ МЕСТОРОЖДЕНИЙ;Рыльникова М.В., Олейник Д.Н., Файсханов А.М.;2024;https://elibrary.ru/item.asp?id=68486287
РАЗРАБОТКА КОМПЛЕКСНОЙ ТЕХНОЛОГИИ ТЕРМОГАЗОБАРОВОЗДЕЙСТВИЯ НА ПРИЗАБОЙНУЮ ЗОНУ ПЛАСТА НА ЗАВЕРШАЮЩЕЙ СТАДИИ РАЗРАБОТКИ НЕФТЯНЫХ МЕСТОРОЖДЕНИЙ;Гуторов А.Ю.;2009;https://elibrary.ru/item.asp?id=16202688
РАЗРАБОТКА ТЕХНОЛОГИЧЕСКИХ РЕКОМЕНДАЦИЙ ПО ОБЕСПЕЧЕНИЮ ПОЖАРОВЗРЫВОБЕЗОПАСНОСТИ ПРИ ПОДЗЕМНОЙ РАЗРАБОТКЕ МЕСТОРОЖДЕНИЙ КОЛЧЕДАННЫХ РУД;Митишова Н.А.;2021;https://elibrary.ru/item.asp?id=47498611
РАЗРАБОТКА ТЕХНИЧЕСКИХ СРЕДСТВ ДЛЯ ЭКСПЛУАТАЦИИ И РЕМОНТА СКВАЖИН НА ПОЗДНЕЙ СТАДИИ РАЗРАБОТКИ МЕСТОРОЖДЕНИЙ СЕВЕРА ТЮМЕНСКОЙ ОБЛАСТИ;Кустышев А.В., Безносиков А.Ф., Чижова Т.И., Шестакова И.А.;1998;https://elibrary.ru/item.asp?id=21645265
ОБЗОР МЕТОДОВ СОВЕРШЕНСТВОВАНИЯ СИСТЕМЫ ДОБЫЧИ, РАЗРАБОТКИ, КОМПРИМИРОВАНИЯ И ПОДГОТОВКИ ГАЗА МЕСТОРОЖДЕНИЙ НА ЗАВЕРШАЮЩЕЙ СТАДИИ РАЗРАБОТКИ;Дарымов А.В., Черезов А.С., Суворов В.В., Прудкин С.С., Величкин А.В.;2018;https://elibrary.ru/item.asp?id=35588695
О НЕОБХОДИМОСТИ РАЗРАБОТКИ ЕДИНОЙ НОРМАТИВНОЙ ОСНОВЫ ОПРЕДЕЛЕНИЯ СТОИМОСТИ ОБЪЕКТОВ РАЗРАБОТКИ МЕСТОРОЖДЕНИЙ УВС;Коробкин В.И., Дмитренко А.И.;2009;https://elibrary.ru/item.asp?id=13100223
РАЗРАБОТКА И ВНЕДРЕНИЕ КОРПОРАТИВНЫХ АВТОМАТИЗИРОВАННЫХ СИСТЕМ СОПРЯЖЕННОГО ГЕОМОНИТОРИНГА ДЛЯ РЕГИОНОВ РАЗРАБОТКИ МЕСТОРОЖДЕНИЙ ПОЛЕЗНЫХ ИСКОПАЕМЫХ БЕЛАРУСИ;Журавков М.А., Коновалов О.Л.;2009;https://elibrary.ru/item.asp?id=21056026
РАЗРАБОТКА ГЕОИНФОРМАЦИОННОЙ СИСТЕМЫ ПРОГНОЗИРОВАНИЯ ДИНАМИЧЕСКИХ ПРОЯВЛЕНИЙ В УГЛЕВМЕЩАЮЩЕМ МАССИВЕ ПРИ ПОДЗЕМНОЙ РАЗРАБОТКЕ УГОЛЬНЫХ МЕСТОРОЖДЕНИЙ;Журавлев Е.И.;2016;https://elibrary.ru/item.asp?id=54441983
РАЗРАБОТКА МЕТОДА ОЦЕНКИ УСТОЙЧИВОСТИ ПОДЗЕМНЫХ ГОРНЫХ ВЫРАБОТОК В ПРИБОРТОВОМ МАССИВЕ КАРЬЕРА ПРИ КОМБИНИРОВАННОЙ РАЗРАБОТКЕ РУДНЫХ МЕСТОРОЖДЕНИЙ;Мальский К.С.;2013;https://elibrary.ru/item.asp?id=22353931
РАЗРАБОТКА МЕТОДА ОПРЕДЕЛЕНИЯ ЗОН ПОТЕНЦИАЛЬНОЙ АВАРИЙНОСТИ ПРИ РАЗРАБОТКЕ НЕФТЕГАЗОВЫХ МЕСТОРОЖДЕНИЙ ПО РЕЗУЛЬТАТАМ ГЕОДИНАМИЧЕСКОГО МОНИТОРИНГА ЗЕМНОЙ ПОВЕРХНОСТИ;Кузьмин Д.К.;2024;https://elibrary.ru/item.asp?id=80255199
"РАЗРАБОТКА КОНКУРЕНТНОЙ СТРАТЕГИИ ООО ""УФИМСКИЙ НТЦ"" НА РЫНКЕ УСЛУГ ПО РАЗРАБОТКЕ И ЭКСПЛУАТАЦИИ НЕФТЕГАЗОВЫХ МЕСТОРОЖДЕНИЙ";Бухарбаева Л.Я., Кудратова Э.Р.;2017;https://elibrary.ru/item.asp?id=32404476
РАЗРАБОТКА ЭКСПРЕСС-МЕТОДИКИ СТРУКТУРИРОВАНИЯ ИЗВЛЕКАЕМЫХ ЗАПАСОВ УГЛЕВОДОРОДОВ ДЛЯ АНАЛИЗА РАЗРАБОТКИ МЕСТОРОЖДЕНИЙ С ТРУДНОИЗВЛЕКАЕМЫМИ ЗАПАСАМИ;Ганиев Ш.Р., Хузина Д.И.;2018;https://elibrary.ru/item.asp?id=37659353
"ПРИНЦИПЫ РАЗРАБОТКИ СИСТЕМЫ МОНИТОРИНГА И АДАПТИВНОГО УПРАВЛЕНИЯ РАЗРАБОТКОЙ ""ИНТЕЛЛЕКТУАЛЬНОГО"" МЕСТОРОЖДЕНИЯ";Ладенко А.А.;2020;https://elibrary.ru/item.asp?id=43810408
КОМПЛЕКСНЫЙ АНАЛИЗ РАЗРАБОТКИ И ЭКСПЛУАТАЦИИ, ОБОСНОВАНИЕ РЕШЕНИЙ ПО СОВЕРШЕНСТВОВАНИЮ ТЕХНОЛОГИИ РАЗРАБОТКИ ОБЪЕКТОВ БВ5-БВ6 ЛОКОСОВСКОГО МЕСТОРОЖДЕНИЯ;Лопатко А.А.;2014;https://elibrary.ru/item.asp?id=23129340
ИССЛЕДОВАНИЕ ОСОБЕННОСТЕЙ ФОРМИРОВАНИЯ ВОДОНЕФТЯНЫХ ЭМУЛЬСИЙ НА ПОЗДНЕЙ СТАДИИ РАЗРАБОТКИ НЕФТЯНЫХ МЕСТОРОЖДЕНИЙ И РАЗРАБОТКА ТЕХНОЛОГИЙ ИХ РАЗДЕЛЕНИЯ;Губайдулин Ф.Р.;2004;https://elibrary.ru/item.asp?id=39138013
РАЗРАБОТКА МЕТОДОВ И СРЕДСТВ ИНТЕНСИФИКАЦИИ ЦИКЛИЧНО-ПОТОЧНОЙ ТЕХНОЛОГИИ ОТКРЫТОЙ РАЗРАБОТКИ СЛОЖНО-СТРУКТУРНЫХ МЕСТОРОЖДЕНИЙ;Коломников С.С.;2005;https://elibrary.ru/item.asp?id=16067819
РАЗРАБОТКА И НАУЧНОЕ ОБОСНОВАНИЕ ЭНЕРГОСБЕРЕГАЮЩИХ ТЕХНОЛОГИЙ ВЗРЫВНЫХ РАБОТ НА ОТКРЫТЫХ РАЗРАБОТКАХ УГОЛЬНЫХ МЕСТОРОЖДЕНИЙ;Жариков И.Ф.;2001;https://elibrary.ru/item.asp?id=19165566
РАЗРАБОТКА ТЕХНОЛОГИЙ, ПОВЫШАЮЩИХ ЭФФЕКТИВНОСТЬ РАЗРАБОТКИ НЕФТЯНЫХ МЕСТОРОЖДЕНИЙ ГОРИЗОНТАЛЬНО - НАПРАВЛЕННЫМИ СКВАЖИНАМИ;Колесник Е.В.;2009;https://elibrary.ru/item.asp?id=15952636
РАЗРАБОТКА КОМПЛЕКСА МАТЕМАТИЧЕСКИХ МОДЕЛЕЙ ОПТИМИЗАЦИИ ДОБЫЧИ НЕФТИ ПРИ ТЕРМОШАХТНОЙ РАЗРАБОТКЕ (НА ПРИМЕРЕ ЯРЕГСКОГО НЕФТЯНОГО МЕСТОРОЖДЕНИЯ);Алиев А.Г.;1992;https://elibrary.ru/item.asp?id=30150517
РАЗРАБОТКА И ПРИМЕНЕНИЕ ПОЛНОМАСШТАБНЫХ ПРОГРАММНЫХ КОМПЛЕКСОВ ДЛЯ ГЕОЛОГИЧЕСКОГО, ГИДРОДИНАМИЧЕСКОГО МОДЕЛИРОВАНИЯ И МОНИТОРИНГА РАЗРАБОТКИ МЕСТОРОЖДЕНИЙ УГЛЕВОДОРОДНОГО СЫРЬЯ;Кузнецов О.Л., Цой В.Е., Тихонов А.С., Кашик А.С.;2007;https://elibrary.ru/item.asp?id=9506250
НЕСТАНДАРТНЫЕ ПОДХОДЫ К ЛОКАЛИЗАЦИИ И РАЗРАБОТКЕ ОСТАТОЧНЫХ ИЗВЛЕКАЕМЫХ ЗАПАСОВ НЕФТИ НА МЕСТОРОЖДЕНИЯХ ПОЗДНЕЙ СТАДИИ РАЗРАБОТКИ;Кудияров А.Г.;2024;https://elibrary.ru/item.asp?id=68519958
РАЗРАБОТКА МЕТОДОВ И ТЕХНОЛОГИИ ПРИМЕНЕНИЯ СКВАЖИН С ВЫСОКОТЕХНОЛОГИЧНЫМИ КОМПОНОВКАМИ ПРИ РАЗРАБОТКЕ МОРСКИХ НЕФТЕГАЗОВЫХ МЕСТОРОЖДЕНИЙ;Хруленко А.А.;2012;https://elibrary.ru/item.asp?id=19271921
РАЗРАБОТКА ПРОГРАММЫ ГЕОЛОГО-ТЕХНИЧЕСКИХ МЕРОПРИЯТИЙ, НАПРАВЛЕННЫХ НА ОПТИМИЗАЦИЮ СИСТЕМЫ РАЗРАБОТКИ МЕСТОРОЖДЕНИЯ, НА ОСНОВЕ РЕЗУЛЬТАТОВ ИНДИКАТОРНЫХ ИССЛЕДОВАНИЙ;Коробейникова Т.В., Мулявин С.Ф.;2018;https://elibrary.ru/item.asp?id=35615594
РАЗРАБОТКА ТЕХНОЛОГИИ ПО ОПРЕДЕЛЕНИЮ КРАЕВОГО УГЛА СМАЧИВАЕМОСТИ С ИСПОЛЬЗОВАНИЕМ НОНАНА (C9H20) ПРИ РАЗРАБОТКЕ МЕСТОРОЖДЕНИЙ УГЛЕВОДОРОДОВ;Вавилов С.А., Печерин В.Н., Паршин М.А.;2019;https://elibrary.ru/item.asp?id=67342512
ПОВЫШЕНИЕ ЭФФЕКТИВНОСТИ РАЗРАБОТКИ СЛОЖНОПОСТРОЕННЫХ КАРБОНАТНЫХ КОЛЛЕКТОРОВ (НА ПРИМЕРЕ РАЗРАБОТКИ ЗАЛЕЖЕЙ 302-303 РОМАШКИНСКОГО МЕСТОРОЖДЕНИЯ);Хамидуллин М.М.;2006;https://elibrary.ru/item.asp?id=16104033
РАЗРАБОТКА ПЕРСПЕКТИВНОГО СВЕРЛЯЩЕГО ПЕРФОРАТОРА ДЛЯ РАЦИОНАЛЬНОЙ РАЗРАБОТКИ НЕФТЕГАЗОВЫХ МЕСТОРОЖДЕНИЙ;Митягина М.О.;2013;https://elibrary.ru/item.asp?id=54005152
ИССЛЕДОВАНИЕ И РАЗРАБОТКА АВТОМАТИЗИРОВАННОЙ СИСТЕМЫ ДИСПЕТЧЕРСКОГО УПРАВЛЕНИЯ ПРОИЗВОДСТВЕННЫМИ ПРОЦЕССАМИ ПРИ РАЗРАБОТКЕ РОССЫПНЫХ МЕСТОРОЖДЕНИЙ;Юнусов Х.Б.;2000;https://elibrary.ru/item.asp?id=19169157
РАЗРАБОТКА И ИССЛЕДОВАНИЕ МЕХАНИЗИРОВАННЫХ СПОСОБОВ ПОДЪЕМА ПРОДУКЦИИ ПРИ РАЗРАБОТКЕ МЕСТОРОЖДЕНИЙ ТЯЖЕЛЫХ И ВЫСОКОВЯЗКИХ НЕФТЕЙ СКВАЖИННЫМИ МЕТОДАМИ;Басос Г.Ю.;2003;https://elibrary.ru/item.asp?id=16016958
ОБОБЩЕНИЕ ОПЫТА РАЗРАБОТКИ НЕФТЯНЫХ МЕСТОРОЖДЕНИЙ (МЕТОДЫ КЛАССИФИКАЦИИ ОБЪЕКТОВ РАЗРАБОТКИ);;2018;https://elibrary.ru/item.asp?id=47308345
РАЗРАБОТКА МОДУЛЯ СИСТЕМЫ ОЦЕНОК ДЛЯ АДАПТИВНОГО УПРАВЛЕНИЯ ПРОЦЕССАМИ РАЗРАБОТКИ И ЭКСПЛУАТАЦИИ МЕСТОРОЖДЕНИЙ;Мухина А.Г., Степин Ю.П.;2023;https://elibrary.ru/item.asp?id=59991527
ИССЛЕДОВАНИЕ И РАЗРАБОТКА МЕТОДА ОПТИМАЛЬНОГО СИНТЕЗА ТРУБОПРОВОДНЫХ НЕФТЕПРОМЫСЛОВЫХ СЕТЕЙ ПРИ ПРОЕКТИРОВАНИИ РАЗРАБОТКИ НЕФТЯНОГО МЕСТОРОЖДЕНИЯ;Муштонин А.В.;2004;https://elibrary.ru/item.asp?id=16031158
РАЗРАБОТКА РЕШЕНИЙ ПО ЭКСПЛУАТАЦИИ МЕСТОРОЖДЕНИЙ, НАХОДЯЩИХСЯ НА ЗАВЕРШАЮЩЕЙ СТАДИИ РАЗРАБОТКИ, КАК ЕДИНОГО ТЕХНОЛОГИЧЕСКОГО КОМПЛЕКСА;Аксютин О.Е., Дарымов А.В., Ермилов О.М., Шандрыголов З.Н.;2023;https://elibrary.ru/item.asp?id=54009299
"МЕТОДИКА РАЗРАБОТКИ НОВЫХ ТЕХНОЛОГИЧЕСКИХ РЕШЕНИЙ ПРИ КОМБИНИРОВАННОЙ РАЗРАБОТКЕ РУДНЫХ МЕСТОРОЖДЕНИЙ СЛОЖНОГО СТРОЕНИЯ ""МЕТОДИКА РАЗРАБОТКИ НОВЫХ ТЕХНОЛОГИЧЕСКИХ РЕШЕНИЙ ПРИ КОМБИНИРОВАННОЙ РАЗРАБОТКЕ РУДНЫХ МЕСТОРОЖДЕНИЙ СЛОЖНОГО СТРОЕНИЯ""";Кожогулов К.Ч., Усенов К.Ж., Алибаев А.П., Такеева А.Р.;2008;https://elibrary.ru/item.asp?id=25846040
ПОВЫШЕНИЕ ЭФФЕКТИВНОСТИ РАЗРАБОТКИ НЕФТЯНЫХ МЕСТОРОЖДЕНИЙ РЕСПУБЛИКИ БАШКОРТОСТАН НА ПОЗДНЕЙ СТАДИИ РАЗРАБОТКИ;Сафиуллин А.И.;2021;https://elibrary.ru/item.asp?id=47206427
РАЗРАБОТКА МЕТОДОВ И ТЕХНОЛОГИИ ПРИМЕНЕНИЯ СКВАЖИН С ВЫСОКОТЕХНОЛОГИЧНЫМИ КОМПОНОВКАМИ ПРИ РАЗРАБОТКЕ МОРСКИХ НЕФТЕГАЗОВЫХ МЕСТОРОЖДЕНИЙ;Хруленко А.А.;2012;https://elibrary.ru/item.asp?id=19370515
СПОСОБ РАЗРАБОТКИ МОЩНЫХ МЕСТОРОЖДЕНИЙ ПОЛЕЗНЫХ ИСКОПАЕМЫХ ПРИ КАМЕРНОЙ СИСТЕМЕ РАЗРАБОТКИ;Вертлейб Л.К., Вильный Ю.П., Гамберг Р.М., Казикаев Д.М., Масокин В.И., Родзевилло И.Т., Суржин Г.Г., Уралов В.С., Чухлов Г.И., Щавинский Г.В.;1975;https://elibrary.ru/item.asp?id=39929526
РАЗРАБОТКА ТЕХНОЛОГИИ ОСВОЕНИЯ МЕСТОРОЖДЕНИЙ ЦЕННЫХ МАЛОУСТОЙЧИВЫХ РУД КАМЕРНЫМИ СИСТЕМАМИ РАЗРАБОТКИ C ЗАКЛАДКОЙ;Котенков А.В.;2023;https://elibrary.ru/item.asp?id=74040877
РАЗРАБОТКА ТЕХНОЛОГИЙ, ПОВЫШАЮЩИХ ЭФФЕКТИВНОСТЬ РАЗРАБОТКИ НЕФТЯНЫХ МЕСТОРОЖДЕНИЙ ГОРИЗОНТАЛЬНО-НАПРАВЛЕННЫМИ СКВАЖИНАМИ;Колесник Е.В.;2009;https://elibrary.ru/item.asp?id=19211125
ИССЛЕДОВАНИЕ И РАЗРАБОТКА ТЕХНОЛОГИЙ ВСКРЫТИЯ И РАЗОБЩЕНИЯ ПРОДУКТИВНЫХ ПЛАСТОВ ГАЗОКОНДЕНСАТНЫХ МЕСТОРОЖДЕНИЙ, НАХОДЯЩИХСЯ НА ПОЗДНЕЙ СТАДИИ РАЗРАБОТКИ;Нургалеев А.Р.;2003;https://elibrary.ru/item.asp?id=16002691
РАЗРАБОТКА МЕТОДИКИ АВТОМАТИЗИРОВАННОГО ПРОЕКТИРОВАНИЯ СИСТЕМ РАЗРАБОТКИ МОРСКИХ МЕСТОРОЖДЕНИЙ С УЧЕТОМ НАЛИЧИЯ МЕЛКОЗАЛЕГАЮЩЕГО ГАЗА;Перекрестов В.Е.;2024;https://elibrary.ru/item.asp?id=72976509
ВЛИЯНИЕ СИСТЕМЫ РАЗРАБОТКИ НЕФТЯНЫХ МЕСТОРОЖДЕНИЙ В ОСНОВНОЙ ПЕРИОД НА ПРОЦЕССЫ, ПРОТЕКАЮЩИЕ НА ПОЗДНЕЙ СТАДИИ РАЗРАБОТКИ;Базив В.Ф., Лисовский Н.Н., Яковлев А.В.;2009;https://elibrary.ru/item.asp?id=15580533
ИССЛЕДОВАНИЕ И РАЗРАБОТКА МЕТОДА ОПТИМАЛЬНОГО СИНТЕЗА ТРУБОПРОВОДНЫХ НЕФТЕПРОМЫСЛОВЫХ СЕТЕЙ ПРИ ПРОЕКТИРОВАНИИ РАЗРАБОТКИ НЕФТЯНОГО МЕСТОРОЖДЕНИЯ;Муштонин А.В.;2004;https://elibrary.ru/item.asp?id=15803221
РАЗРАБОТКА РЕКОМЕНДАЦИЙ ПО ВЫБОРУ ОПТИМАЛЬНЫХ ВАРИАНТОВ СНАБЖЕНИЯ ВЗРЫВНЫХ РАБОТ ПРИ РАЗРАБОТКЕ ЗОЛОТОРУДНЫХ МЕСТОРОЖДЕНИЙ ЖИЛЬНОГО ТИПА;Урбаев Д.А., Ахпашев Б.А., Галайко А.В., Новиков А.А.;2023;https://elibrary.ru/item.asp?id=50249863
СПОСОБ РАЗРАБОТКИ МОЩНЫХ МЕСТОРОЖДЕНИЙ ПОЛЕЗНЫХ ИСКОПАЕМЫХ ПРИ КАМЕРНОЙ СИСТЕМЕ РАЗРАБОТКИ;Казикаев Д.М., Пузенко А.С., Суржин Г.Г., Фомин Б.А., Родзевилло И.Т., Крутских А.С., Уваров В.И.;1980;https://elibrary.ru/item.asp?id=40010542
СПОСОБ РАЗРАБОТКИ НЕОДНОРОДНОГО НЕФТЯНОГО МЕСТОРОЖДЕНИЯ НА ПОЗДНЕЙ СТАДИИ РАЗРАБОТКИ;Хисамов Р.С., Идиятуллина З.С., Плаксин Е.К., Рамазанов Р.Г., Салихов А.Д., Оснос В.Б.;2012;https://elibrary.ru/item.asp?id=37493871
КОНТРОЛЬ И РЕГУЛИРОВАНИЕ РАЗРАБОТКИ, МЕТОДЫ ПОВЫШЕНИЯ НЕФТЕОТДАЧИ ПЛАСТОВ - ОСНОВА РАЦИОНАЛЬНОЙ РАЗРАБОТКИ НЕФТЯНЫХ МЕСТОРОЖДЕНИЙ;;2000;https://elibrary.ru/item.asp?id=36753892
"""ПРАВИЛА РАЗРАБОТКИ МЕСТОРОЖДЕНИЙ УГЛЕВОДОРОДНОГО СЫРЬЯ"": ВОПРОСЫ РЕГУЛИРОВАНИЯ ДОПУСТИМЫХ ОТКЛОНЕНИЙ ПОКАЗАТЕЛЕЙ РАЗРАБОТКИ";Горюнов Л.Ю.;2017;https://elibrary.ru/item.asp?id=30114920
К ВОПРОСУ О РАЗРАБОТКЕ ПРОФЕССИОНАЛЬНОГО СТАНДАРТА ДЛЯ СПЕЦИАЛИСТОВ ПО ПОДЗЕМНОЙ РАЗРАБОТКЕ ПЛАСТОВЫХ МЕСТОРОЖДЕНИЙ;Лесных А.С., Моисеев А.К.;2021;https://elibrary.ru/item.asp?id=46349985
ОПТИМИЗАЦИЯ ПАРАМЕТРОВ СИСТЕМЫ РАЗРАБОТКИ ПРИ ОТКРЫТОЙ РАЗРАБОТКЕ МЕСТОРОЖДЕНИЙ ПОЛЕЗНЫХ ИСКОПАЕМЫХ;Нахкур А.Е.;2020;https://elibrary.ru/item.asp?id=44302289
РАЗРАБОТКА ПРЕДЛОЖЕНИЙ ПО СОВЕРШЕНСТВОВАНИЮ УСТЬЕВОГО ОБОРУДОВАНИЯ И ЭКОНОМИЧЕСКАЯ ОЦЕНКА ПОКАЗАТЕЛЕЙ МОДЕРНИЗАЦИИ ДЛЯ ПРОЕКТИРОВАНИЯ РАЗРАБОТКИ МЕСТОРОЖДЕНИЙ;Подоляко Д.С., Чернова О.С.;2021;https://elibrary.ru/item.asp?id=47216804
ИССЛЕДОВАНИЕ И РАЗРАБОТКА ИННОВАЦИОННЫХ ТЕХНОЛОГИЙ ВОЗВЕДЕНИЯ И РАЗРАБОТКИ ТЕХНОГЕННЫХ МЕСТОРОЖДЕНИЙ;Акопов А.П., Оганесян А.Х.;2016;https://elibrary.ru/item.asp?id=32877595
РАЗРАБОТКА НОРМАТИВНОГО ДОКУМЕНТА ДЛЯ ОПРЕДЕЛЕНИЯ ГРУППОВОГО СОСТАВА НЕФТИ И ГАЗОКОНДЕНСАТА ПРИ РАЗРАБОТКЕ МЕСТОРОЖДЕНИЙ;Кондратенко А.Д.;2018;https://elibrary.ru/item.asp?id=32409153
РАЗРАБОТКА МЕТОДОВ ДЛЯ ПОВЫШЕНИЯ ЭФФЕКТИВНОСТИ ОЦЕНКИ, АНАЛИЗА И РАЗРАБОТКИ МЕСТОРОЖДЕНИЙ ЖЕЛЕЗИСТЫХ КВАРЦИТОВ;Босиков И.И., Цидаев Б.С., Гаврина О.А.;2018;https://elibrary.ru/item.asp?id=35324055
ЭНЕРГОЭФФЕКТИВНОСТЬ КОМБИНИРОВАННОЙ СИСТЕМЫ РАЗРАБОТКИ ОТКРЫТЫМ СПОСОБОМ ПРИ РАЗРАБОТКЕ УГОЛЬНЫХ МЕСТОРОЖДЕНИЙ;Айнбиндер И.И., Жариков И.Ф., Шендеров А.И.;2013;https://elibrary.ru/item.asp?id=20249939
РАЗРАБОТКА ПРОГРАММЫ ДЛЯ РАСЧЕТА ОСНОВНЫХ ТЕХНОЛОГИЧЕСКИХ ПОКАЗАТЕЛЕЙ РАЗРАБОТКИ НЕФТЯНОГО МЕСТОРОЖДЕНИЯ;Королев К.А.;2020;https://elibrary.ru/item.asp?id=42877996
РАЗРАБОТКА И ОБОСНОВАНИЕ МОДЕЛИ КОММЕРЦИАЛИЗАЦИИ ТЕХНОЛОГИИ ДЛЯ ПРОЕКТИРОВАНИЯ РАЗРАБОТКИ НЕФТЯНЫХ МЕСТОРОЖДЕНИЙ;Бармин П.А.;2021;https://elibrary.ru/item.asp?id=46340859
ОСОБЕННОСТИ РАЗРАБОТКИ СЛОЖНОПОСТРОЕННЫХ КАРБОНАТНЫХ КОЛЛЕКТОРОВ МЕСТОРОЖДЕНИЙ, НАХОДЯЩИХСЯ НА ПОЗДНЕЙ СТАДИИ РАЗРАБОТКИ;Подавалов В.Б., Хабибрахманов А.Г., Яртиев А.Ф.;2016;https://elibrary.ru/item.asp?id=54145999
ИСТОРИЯ УПРАВЛЕНИЯ РАЗРАБОТКОЙ И ИСТОРИЯ РАЗРАБОТКИ НЕФТЯНЫХ МЕСТОРОЖДЕНИЙ СССР И РОССИИ;Щелкачёв В.Н.;2004;https://elibrary.ru/item.asp?id=41197072
РАЗРАБОТКА ПРЕДЛОЖЕНИЙ ПО СОВЕРШЕНСТВОВАНИЮ МЕТОДОВ И СРЕДСТВ РАЗРАБОТКИ ЮРУБЧЕНО-ТОХОМСКОГО МЕСТОРОЖДЕНИЯ;Подоляко Д.С.;2019;https://elibrary.ru/item.asp?id=42963503
РАЗРАБОТКА КАРТ ОЦЕНКИ РИСКА ДЛЯ СОХРАНЕНИЯ ТРУДОСПОСОБНОСТИ ПРИ РАЗРАБОТКЕ УГОЛЬНЫХ МЕСТОРОЖДЕНИЙ ОТКРЫТЫМ СПОСОБОМ;Фомин А.И., Анисимов И.М.;2018;https://elibrary.ru/item.asp?id=35604552
О ТЕОРИИ РАЗРАБОТКИ НЕФТЯНЫХ МЕСТОРОЖДЕНИЙ, ТЕСНО СВЯЗАННОЙ С ПРАКТИКОЙ РАЗРАБОТКИ;Лысенко В.Д.;2009;https://elibrary.ru/item.asp?id=13077823
РАЗРАБОТКА КАРТ ОЦЕНКИ РИСКА РАБОТНИКОВ ПРИ РАЗРАБОТКЕ УГОЛЬНЫХ МЕСТОРОЖДЕНИЙ ОТКРЫТЫМ СПОСОБОМ;Фомин А.И., Анисимов И.М.;2018;https://elibrary.ru/item.asp?id=37070603
РАЗРАБОТКА ПРОЕКТНОЙ ДОКУМЕНТАЦИИ НА СТРОИТЕЛЬСТВО СКВАЖИН С УЧЕТОМ ПРОЕКТА РАЗРАБОТКИ МЕСТОРОЖДЕНИЯ;Герасимов Г.Т., Кузнецов Р.Ю., Овчинников П.В.;2010;https://elibrary.ru/item.asp?id=22460908
РАЗРАБОТКА ПРОГРАММНОГО МОДУЛЯ ПО ОЦЕНКЕ ЭКОНОМИЧЕСКОЙ ЭФФЕКТИВНОСТИ ПРОГНОЗНЫХ СЦЕНАРИЕВ РАЗРАБОТКИ НЕФТЯНЫХ МЕСТОРОЖДЕНИЙ;Миннемуллина Г.И.;2022;https://elibrary.ru/item.asp?id=49225818
АНАЛИЗ РАЗРАБОТКИ НЕФТЯНЫХ МЕСТОРОЖДЕНИЙ КАК БАЗА ДЛЯ ПРИНЯТИЯ РЕШЕНИЙ ПО СОВЕРШЕНСТВОВАНИЮ ИХ ДАЛЬНЕЙШЕЙ РАЗРАБОТКИ;Лысенко В.Д.;2009;https://elibrary.ru/item.asp?id=12955434
ИЗУЧЕНИЕ ТЕХНОГЕННОЙ ТРЕЩИНОВАТОСТИ ПРИ РАЗРАБОТКЕ СТАРОБИНСКОГО МЕСТОРОЖДЕНИЯ КАЛИЙНЫХ СОЛЕЙ СТОЛБОВОЙ СИСТЕМОЙ РАЗРАБОТКИ;Новокшонов В.Н., Дешковский В.Н., Зольников Н.А., Данилова А.Ф.;2011;https://elibrary.ru/item.asp?id=32809487
РАЗРАБОТКА ПЫЛЕВЗРЫВОЗАЩИТНЫХ МЕРОПРИЯТИЙ ДЛЯ ОБЕСПЕЧЕНИЯ БЕЗОПАСНОСТИ ПЕРСОНАЛА ПРИ ПОДЗЕМНОЙ РАЗРАБОТКЕ УГ ОЛЬНЫХ МЕСТОРОЖДЕНИЙ;Иващенко К.Ф., Сураев С.О., Мосягин А.О.;2020;https://elibrary.ru/item.asp?id=43170978
ПРОДЛЕНИЕ ПРОДУКТИВНОГО ПЕРИОДА РАЗРАБОТКИ МЕСТОРОЖДЕНИЙ ЗА СЧЕТ ПОВТОРНОГО ВВОДА В РАЗРАБОТКУ НИЖЕЛЕЖАЩИХ ЭКСПЛУАТАЦИОННЫХ ОБЪЕКТОВ;Хисметов Т.В., Бернштейн А.М., Никифоров В.Н., Андрианов А.В., Тарасов А.В., Хальзов А.А.;2007;https://elibrary.ru/item.asp?id=9600152
РАЗРАБОТКА ТЕХНИЧЕСКИХ СРЕДСТВ БУРЕНИЯ ИНЖЕНЕРНО-ГЕОЛОГИЧЕСКИХ СКВАЖИН ПРИ РАЗРАБОТКИ ШЕЛЬФОВЫХ МЕСТОРОЖДЕНИЙ НЕФТИ И ГАЗА;Братченко А.А.;2022;https://elibrary.ru/item.asp?id=50119644
ИСТОРИЯ УПРАВЛЕНИЯ РАЗРАБОТКОЙ И ИСТОРИЯ РАЗРАБОТКИ НЕФТЯНЫХ МЕСТОРОЖДЕНИЙ СССР И РОССИИ;Щелкачев В.Н.;1998;https://elibrary.ru/item.asp?id=40923809
РАЗРАБОТКА ЭКСПЕРТНОЙ СИСТЕМЫ ПО ВЫБОРУ ЭФФЕКТИВНОЙ САНАЦИИ ПОСЛЕДСТВИЙ РАЗРАБОТКИ УРАНОВЫХ МЕСТОРОЖДЕНИЙ;Чекушина Е.В.;2010;https://elibrary.ru/item.asp?id=42613386
ОБЩИЕ ПРИНЦИПЫ РАЗРАБОТКИ НЕФТЯНЫХ МЕСТОРОЖДЕНИЙ В УСЛОВИЯХ ЗАВОДНЕНИЯ НА ЗАКЛЮЧИТЕЛЬНОЙ СТАДИИ РАЗРАБОТКИ;Дьячук И.А.;2012;https://elibrary.ru/item.asp?id=17762558
РАЗРАБОТКА ВЕДОМСТВЕННЫХ НОРМАТИВНО-ПРАВОВЫХ АКТОВ ПО ЭКОЛОГИЧЕСКОМУ СОПРОВОЖДЕНИЮ ПОИСКА, РАЗВЕДКИ И РАЗРАБОТКИ НЕФТЕГАЗОВЫХ МЕСТОРОЖДЕНИЙ;Кощеев В.П.;2003;https://elibrary.ru/item.asp?id=17746719
РАЗРАБОТКА ТЕХНОЛОГИЧЕСКИХ РЕШЕНИЙ УТИЛИЗАЦИИ ПОПУТНО ДОБЫВАЕМОЙ ВОДЫ НА ПОЗДНЕЙ СТАДИИ РАЗРАБОТКИ ГАЗОВЫХ И ГАЗОКОНДЕНСАТНЫХ МЕСТОРОЖДЕНИЙ;Мохов М.А., Воронова В.В.;2019;https://elibrary.ru/item.asp?id=48388343
РАЗРАБОТКА КРИТЕРИЕВ ОЦЕНКИ ЭКОНОМИЧЕСКОЙ ЭФФЕКТИВНОСТИ ПРИНЯТИЯ ИНВЕСТИЦИОННЫХ ПРОЕКТНЫХ РЕШЕНИЙ В ОБЛАСТИ РАЗРАБОТКИ МЕСТОРОЖДЕНИЙ НЕФТИ;Лейберт Т.Б.;2020;https://elibrary.ru/item.asp?id=46559720
ИССЛЕДОВАНИЕ РАЗРАБОТКИ И СОВЕРШЕНСТВОВАНИЕ СИСТЕМЫ РАЗРАБОТКИ ОБВОДНЁННЫХ ГАЗОВЫХ МЕСТОРОЖДЕНИЙ НА ПРИМЕРЕ УРЕНГОЙСКОГО;Магомедов М.С., Абуталиева И.Р.;2019;https://elibrary.ru/item.asp?id=40826815
РАЗРАБОТКА НЕФТЯНЫХ И ГАЗОВЫХ МЕСТОРОЖДЕНИЙ РАЗРАБОТКА ТРЕЩИНОВАТО-КАВЕРНОЗНЫХ КОЛЛЕКТОРОВ ВОСТОЧНОЙ СИБИРИ И ИХ ОСОБЕННОСТИ;Гладков Е.А.;2011;https://elibrary.ru/item.asp?id=17013109
РАЗРАБОТКА МЕТОДИКИ ВЕРИФИКАЦИИ ИЗВЛЕКАЕМЫХ ЗАПАСОВ И ЕЁ ДАЛЬНЕЙШЕЕ ИСПОЛЬЗОВАНИЕ ПРИ АНАЛИЗЕ РАЗРАБОТКИ МЕСТОРОЖДЕНИЯ;Мавликаев Р.М., Бугаков Н.С., Гибадуллин А.Р., Валеев Р.Р.;2021;https://elibrary.ru/item.asp?id=46290402
УСПЕХИ И ЗАДАЧИ НАУКИ В ОБЛАСТИ РАЗРАБОТКИ НЕФТЯНЫХ МЕСТОРОЖДЕНИЙ;Требин Ф.А.;1952;https://elibrary.ru/item.asp?id=46277440
РАЗРАБОТКА МЕТОДИКИ ОЦЕНКИ РАСПРЕДЕЛЕНИЯ ОСТАТОЧНЫХ ЗАПАСОВ НА НЕФТЯНЫХ МЕСТОРОЖДЕНИЯХ В УСЛОВИЯХ ПОЗДНЕЙ СТАДИИ ИХ ЭКСПЛУАТАЦИИ;Воронова Е.В.;2007;https://elibrary.ru/item.asp?id=16112924
ОБОСНОВАНИЕ ВАРИАНТОВ РАЗРАБОТКИ ВОСТОЧНО-ТАРКОСАЛИНСКОГО МЕСТОРОЖДЕНИЯ;Сепык О.Я., Серов К.В., Иванов А.М.;2020;https://elibrary.ru/item.asp?id=44595931
СНИЖЕНИЕ ВЫБРОСОВ ПАРНИКОВЫХ ГАЗОВ ПРИ РАЗРАБОТКЕ УГЛЕГАЗОВЫХ МЕСТОРОЖДЕНИЙ НА ОСНОВЕ СОВЕРШЕНСТВОВАНИЯ ТЕХНОЛОГИИ ГИДРОРАСЧЛЕНЕНИЯ УГОЛЬНЫХ ПЛАСТОВ;Сысенко В.А.;2005;https://elibrary.ru/item.asp?id=15834910
РАЗРАБОТКА ТЕХНОЛОГИЧЕСКИХ РЕШЕНИЙПО СОВЕРШЕНСТВОВАНИЮ УСТАНОВКИ ПОДГОТОВКИ НЕФТИ ЯРАКТИНСКОГО НЕФТЕГАЗОКОНДЕНСАТНОГО МЕСТОРОЖДЕНИЯ;Моторин А.А.;2024;https://elibrary.ru/item.asp?id=68530464
ОПТИМИЗАЦИЯ ГЛУБИНЫ КАРЬЕРА ПРИ ОТКРЫТО-ПОДЗЕМНОЙ РАЗРАБОТКЕ МЕСТОРОЖДЕНИЙ ПОЛЕЗНЫХ ИСКОПАЕМЫХ;Черчинцева Т.С., Кузнецова Т.С.;2003;https://elibrary.ru/item.asp?id=12961778
ТЕХНОЛОГИЧЕСКИЙ КОМПЛЕКС ОТКРЫТО-ПОДЗЕМНОГО СПОСОБА РАЗРАБОТКИ УГОЛЬНЫХ МЕСТОРОЖДЕНИЙ КУЗБАССА;Федорин В.А., Шахматов В.Я., Михайлов А.Ю.;2012;https://elibrary.ru/item.asp?id=21696579
О КАДАСТРОВОМ УЧЕТЕ ЛЕСНЫХ УЧАСТКОВ ДЛЯ ГЕОЛОГИЧЕСКОГО ИЗУЧЕНИЯ НЕДР И РАЗВЕДКИ И РАЗРАБОТКИ МЕСТОРОЖДЕНИЙ ПОЛЕЗНЫХ ИСКОПАЕМЫХ;Гуляев Н.Ю.;2011;https://elibrary.ru/item.asp?id=18791676
СПОСОБ РАЗРАБОТКИ МЕСТОРОЖДЕНИЙ ПОЛЕЗНЫХ ИСКОПАЕМЫХ С ТОРЦЕВЫМ ВЫПУСКОМ;Калекин Р.С., Просеков А.Г., Яковлев Ю.И., Якушев Л.А., Исаев М.А., Толегенов Б.М.;1992;https://elibrary.ru/item.asp?id=40807577
"ИССЛЕДОВАНИЕ, РАЗРАБОТКА И ПОСТРОЕНИЕ МОДЕЛЕЙ РАСПРЕДЕЛЕНИЯ ПРОДУКЦИИ МЕСТОРОЖДЕНИЙ, ПОДКЛЮЧАЕМЫХ К ТЕХНОЛОГИЧЕСКОЙ ИНФРАСТРУКТУРЕ СП ""ВЬЕТСОВПЕТРО""";Ахмадеев А.Г., Бовт А.В., Фам Т.В., Чьяу Н.Б., Ахмадеева К.А.;2023;https://elibrary.ru/item.asp?id=60365732
ВЛИЯНИЕ ФАКТОРОВ РИСКА НА ПАРАМЕТРЫ ЭКОНОМИЧЕСКОГО МОДЕЛИРОВАНИЯ ЭФФЕКТИВНОСТИ РАЗРАБОТКИ НЕФТЯНЫХ МЕСТОРОЖДЕНИЙ;Лебедев А.С.;2020;https://elibrary.ru/item.asp?id=44370662
ПРИМЕНЕНИЕ НАНОЧАСТИЦ ПРИ РАЗРАБОТКИ МЕСТОРОЖДЕНИЙ С ВЫСОКОВЯЗКИМИ НЕФТЯМИ ДЛЯ ПОВЫШЕНИЯ НЕФТЕОТДАЧИ;Абуталиева И.Р., Жалбусинова А.Е., Журавлев Г.И.;2023;https://elibrary.ru/item.asp?id=53968614
РАЗРАБОТКА ТЕХНИКО-ТЕХНОЛОГИЧЕСКИХ РЕШЕНИЙ БУРЕНИЯ ПРОБЛЕМНЫХ ИНТЕРВАЛОВ ПОД НАПРАВЛЕНИЯ НА ДУЛИСЬМИНСКОМ МЕСТОРОЖДЕНИИ ИРКУТСКОЙ ОБЛАСТИ;Бузанов К.В., Борисов К.И.;2014;https://elibrary.ru/item.asp?id=22921721
ИССЛЕДОВАНИЕ ВЛИЯНИЯ ГЕОЛОГИЧЕСКОГО СТРОЕНИЯ НА РАЗРАБОТКУ НЕФТЕГАЗОКОНДЕНСАТНОЙ ЗАЛЕЖИ УРЕНГОЙСКОГО МЕСТОРОЖДЕНИЯ;Ушаков В.С., Шарафутдинов Р.Ф., Самойлов А.С.;2016;https://elibrary.ru/item.asp?id=28183844
ГЕОЛОГО-ПРОМЫСЛОВОЕ СТАТИЧЕСКОЕ И ДИНАМИЧЕСКОЕ МОДЕЛИРОВАНИЕ ЗАЛЕЖЕЙ ДЛЯ ЭФФЕКТИВНОЙ РАЗРАБОТКИ МЕСТОРОЖДЕНИЙ;Фёдорова Н.Ф., Бычкова Д.А.;2019;https://elibrary.ru/item.asp?id=41467995
СПОСОБ РАЗРАБОТКИ НЕФТЕГАЗОВЫХ МЕСТОРОЖДЕНИЙ;Рукавицын В.Н., Цхадая Н.Д., Рукавицын Я.В., Нестеренко С.М.;2006;https://elibrary.ru/item.asp?id=37993123
РАЗРАБОТКА ТЕХНОЛОГИИ ЛИЦЕВОГО КЕРАМИЧЕСКОГО КИРПИЧА НА ОСНОВЕ ВЫСОКОЖЕЛЕЗИСТЫХ ГЛИН АКТЮБИНСКОГО МЕСТОРОЖДЕНИЯ (КАЗАХСТАН);Гончаров Ю.И., Городова Н.В.;2004;https://elibrary.ru/item.asp?id=9558698
ПЕРСПЕКТИВЫ И ОПЫТ ФИНАНСИРОВАНИЯ РАЗРАБОТКИ АРКТИЧЕСКИХ НЕФТЕГАЗОВЫХ МЕСТОРОЖДЕНИЙ;Вахова Е.С., Куропятник Е.В.;2020;https://elibrary.ru/item.asp?id=80118064
КОМПЛЕКСНЫЙ АНАЛИЗ ГЕОЛОГО-ПРОМЫСЛОВЫХ ДАННЫХ ДЛЯ ПРИНЯТИЯ РЕШЕНИЙ ПО РАЗРАБОТКЕ НЕФТЯНОГО МЕСТОРОЖДЕНИЯ;Цивелев К.В.;2015;https://elibrary.ru/item.asp?id=25814208
ГОРНО-ГЕОМЕТРИЧЕСКОЕ И КВАЛИМЕТРИЧЕСКОЕ ОБОСНОВАНИЕ И ИНФОРМАЦИОННОЕ ОБЕСПЕЧЕНИЕ ЭФФЕКТИВНОЙ ОТКРЫТОЙ РАЗРАБОТКИ УГОЛЬНЫХ МЕСТОРОЖДЕНИЙ МОНГОЛИИ;Гундсамбуу Уранбайгаль;2011;https://elibrary.ru/item.asp?id=19275672
СПОСОБ РАЗРАБОТКИ НЕФТЯНОГО МЕСТОРОЖДЕНИЯ СО СЛОИСТО-НЕОДНОРОДНЫМИ ПЛАСТАМИ С ПОМОЩЬЮ КОНТРОЛЯ ПОЛЕЙ ДАВЛЕНИЙ;Кондаратцев С.А., Денисов В.В.;2001;https://elibrary.ru/item.asp?id=37865960
СПОСОБ РАЗРАБОТКИ НЕФТЯНОГО МЕСТОРОЖДЕНИЯ, СОДЕРЖАЩЕГО НЕФТЬ СРЕДНЕЙ И ПОВЫШЕННОЙ ВЯЗКОСТИ;Шакиров Х.Г., Леви Б.И.;1999;https://elibrary.ru/item.asp?id=41093773
ВЛИЯНИЕ ОТКРЫТОГО СПОСОБА РАЗРАБОТОК МЕСТОРОЖДЕНИЙ ПОЛЕЗНЫХ ИСКОПАЕМЫХ НА ЛАНДШАФТЫ АРИДНЫХ ТЕРРИТОРИЙ;Колесникова С.А., Бармин А.Н.;2011;https://elibrary.ru/item.asp?id=17217176
ВАРИАНТЫ РАЗРАБОТКИ МЕСТОРОЖДЕНИЯ НА КОНТИНЕНТАЛЬНОМ ШЕЛЬФЕ НА ПРИМЕРЕ МЕСТОРОЖДЕНИЯ КАШАГАН (КАЗАХСТАН);Мендигалиева Р.М.;2016;https://elibrary.ru/item.asp?id=26663680
ПРАВОВОЕ РЕГУЛИРОВАНИЕ ИНОСТРАННЫХ ИНВЕСТИЦИЙ В РАЗРАБОТКУ ШЕЛЬФОВЫХ НЕФТЕГАЗОВЫХ МЕСТОРОЖДЕНИЙ;Боклан Д.С.;2007;https://elibrary.ru/item.asp?id=13122162
ПОДЗЕМНАЯ ГЕОТЕХНОЛОГИЯ ПРИ КОМБИНИРОВАННОЙ РАЗРАБОТКЕ РУДНЫХ МЕСТОРОЖДЕНИЙ УРАЛА;Волков Ю.В.;2005;https://elibrary.ru/item.asp?id=19012322
ОПТИМИЗАЦИЯ СОСТАВОВ ЗАКЛАДОЧНЫХ МАТЕРИАЛОВ, СОДЕРЖАЩИХ ОТХОДЫ РАЗРАБОТКИ СОЛЕВЫХ МЕСТОРОЖДЕНИЙ;Белоус Н.Х., Родцевич С.П., Опанасенко О.Н., Крутько Н.П., Шевчук В.В., Дударев Д.Е.;2019;https://elibrary.ru/item.asp?id=41870593
ПАВ ДЛЯ ЗАВОДНЕНИЯ ПЛАСТОВ НЕФТЯНЫХ МЕСТОРОЖДЕНИЙ НА ПОЗДНЕЙ СТАДИИ РАЗРАБОТКИ;Сандыга М.С., Рогачев М.К., Камбулов Е.Ю., Василин В.К., Ламосов М.Е.;2022;https://elibrary.ru/item.asp?id=48657694
ТЕХНОЛОГИЧЕСКИЕ ПРОЦЕССЫ ПРИ СЛОЕВОЙ СИСТЕМЕ ПОДЗЕМНОЙ РАЗРАБОТКИ РУДНЫХ МЕСТОРОЖДЕНИЙ С ЗАКЛАДКОЙ ВЫРАБОТАННОГО ПРОСТРАНСТВА;Бибик С.Д.;2007;https://elibrary.ru/item.asp?id=19601425
КОНТРОЛЬ ЗА РАЗРАБОТКОЙ НЕФТЯНЫХ И ГАЗОВЫХ МЕСТОРОЖДЕНИЙ ГЕОФИЗИЧЕСКИМИ МЕТОДАМИ;Головин Б.А., Калинникова М.В., Муха А.А.;2006;https://elibrary.ru/item.asp?id=19601256
ГЕОМЕХАНИЧЕСКОЕ ОБЕСПЕЧЕНИЕ РЕСУРСОСБЕРЕГАЮЩИХ ТЕХНОЛОГИЙ ОТКРЫТОЙ РАЗРАБОТКИ МЕСТОРОЖДЕНИЙ;Демин А.М.;1996;https://elibrary.ru/item.asp?id=15531581
ГРАВИМЕТРИЧЕСКИЙ МОНИТОРИНГ ПРИ РАЗРАБОТКЕ ГАЗОВЫХ МЕСТОРОЖДЕНИЙ;Зинченко И.А., Моисеев Ю.Ф., Кирсанов С.А., Кривицкий Г.Е., Безматерных Е.Ф.;2008;https://elibrary.ru/item.asp?id=9947497
К ВОПРОСУ ПЛАНИРОВАНИЯ И ПРОЕКТИРОВАНИЯ СИСТЕМ ТЕПЛОСНАБЖЕНИЯ НА СТАДИИ РАЗРАБОТКИ НЕФТЯНОГО МЕСТОРОЖДЕНИЯ;Меньшикова А.А.;2024;https://elibrary.ru/item.asp?id=79721471
ИНВЕСТИЦИИ В МИРОВОЙ РАЗВЕДКЕ И РАЗРАБОТКЕ НЕФТЯНЫХ МЕСТОРОЖДЕНИЙ;Миловидов К.Н., Халидов И.А.;2025;https://elibrary.ru/item.asp?id=77673607
ВЫБОР МЕТОДА ОТКАЧКИ ВОДЯНОГО КОНДЕНСАТА ДЛЯ ГАЗОВОГО МЕСТОРОЖДЕНИЯ И РАЗРАБОТКА МЕТОДИКИ ВЫБОРА ОСНОВНОГО ПОГРУЖНОГО ЭЛЕКТРООБОРУДОВАНИЯ;Орлов А.Р.;2018;https://elibrary.ru/item.asp?id=35577798
СКВАЖИНА КАК ЭЛЕМЕНТ ИНТЕЛЛЕКТУАЛЬНОЙ СИСТЕМЫ УПРАВЛЕНИЯ РАЗРАБОТКОЙ МЕСТОРОЖДЕНИЯ УГЛЕВОДОРОДОВ;Кульчицкий В.В.;2002;https://elibrary.ru/item.asp?id=36692672
СПОСОБ РАЗРАБОТКИ МЕСТОРОЖДЕНИЙ ОЗЕРНОЙ СОЛИ;Ещенко А.Н., Пекур В.З., Скляренко В.А.;1987;https://elibrary.ru/item.asp?id=40465001
ЧУВСТВИТЕЛЬНОСТЬ ПОКАЗАТЕЛЕЙ РАЗРАБОТКИ К ИЗМЕНЕНИЮ ПАРАМЕТРОВ ФИЛЬТРАЦИОННОЙ МОДЕЛИ МОРСКОГО ГАЗОВОГО МЕСТОРОЖДЕНИЯ ПРИ РАЗЛИЧНЫХ КОНЦЕПЦИЯХ ОБУСТРОЙСТВА;Евстафьев И.Л., Семенов А.М., Чернов Ю.Я.;2008;https://elibrary.ru/item.asp?id=12143752
"РАЗРАБОТКА ДИСКРЕТНОЙ МОДЕЛИ ГИДРОГЕОЛОГИЧЕКСОГО ОБЪЕКТА НА ПРИМЕРЕ МЕСТОРОЖДЕНИЯ ""ВЕРХНЕБЕРЕЗОВСКАЯ ПЛОЩАДЬ""";Калиберда И.В.;2021;https://elibrary.ru/item.asp?id=46503870
АНАЛИЗ ПОКАЗАТЕЛЕЙ ЭКОНОМИЧЕСКОЙ ЭФФЕКТИВНОСТИ РАЗРАБОТКИ ТИХОМИРОВСКОГО МЕСТОРОЖДЕНИЯ;Шиян С.И., Медведева Е.В., Кусов Г.В.;2021;https://elibrary.ru/item.asp?id=47393090
ЭКОЛОГИЯ - ОПРЕДЕЛЯЮЩИЙ ФАКТОР ПРИ ПРОЕКТИРОВАНИИ РАЗРАБОТКИ МЕСТОРОЖДЕНИЙ БЕДНЫХ РУД;Соколовский А.В., Темникова М.С., Пикалов В.А.;2016;https://elibrary.ru/item.asp?id=29399245
ИСПОЛЬЗОВАНИЕ ГЕОМЕХАНИКИ ДЛЯ ОПТИМИЗАЦИИ ПРОЦЕССА БУРЕНИЯ СКВАЖИН И РАЗРАБОТКИ МЕСТОРОЖДЕНИЙ В ЯМАЛЬСКОМ РЕГИОНЕ;Корельский Е.П., Зиновьев А., Коротков С., Рассказов А.;2023;https://elibrary.ru/item.asp?id=56001165
СПОСОБ РАЗРАБОТКИ НЕОДНОРОДНОГО НЕФТЯНОГО МЕСТОРОЖДЕНИЯ;Хисамов Р.С., Идиятуллина З.С., Плаксин Е.К., Салихов А.Д., Оснос Л.Р.;2014;https://elibrary.ru/item.asp?id=37808012
СУПЕРЭЛЕМЕНТНОЕ МОДЕЛИРОВАНИЕ РАЗРАБОТКИ НЕФТЯНЫХ МЕСТОРОЖДЕНИЙ С ЛОКАЛЬНЫМ УТОЧНЕНИЕМ РЕШЕНИЯ;Мазо А.Б.;2015;https://elibrary.ru/item.asp?id=50635746
АНАЛИЗ РАЗРАБОТКИ НЕФТЕГАЗОВЫХ МЕСТОРОЖДЕНИЙ В ХМАО-ЮГРЕ;Шапенкова О.О.;2014;https://elibrary.ru/item.asp?id=22149706
ПРИМЕНЕНИЕ МЕТОДОВ ФРАКТАЛЬНОЙ ГЕОМЕТРИИ ДЛЯ ОЦЕНКИ ПОТЕРЬ И РАЗУБОЖИВАНИЯ ПРИ РАЗРАБОТКЕ МЕСТОРОЖДЕНИЙ СЛОЖНОГО СТРОЕНИЯ;Кушнарев П.И., Сытенков В.Н., Чичерина А.Г.;2020;https://elibrary.ru/item.asp?id=44530708
СПОСОБ ЭКСПЛУАТАЦИИ ГАЗОВЫХ СКВАЖИН НА ПОЗДНЕЙ СТАДИИ РАЗРАБОТКИ МЕСТОРОЖДЕНИЙ ПРИРОДНОГО ГАЗА И УСТРОЙСТВО ДЛЯ ЕГО ОСУЩЕСТВЛЕНИЯ;Арно О.Б., Арабский А.К., Кущ И.И., Мухаметчин Р.Р., Сопнев Т.В., Пономарев А.И.;2021;https://elibrary.ru/item.asp?id=47261046
АНАЛИЗ ОПЫТА ОСВОЕНИЯ ТЕХНОГЕННЫХ ОТЛОЖЕНИЙ ПОСЛЕ РАЗРАБОТКИ РУДНЫХ МЕСТОРОЖДЕНИЙ;Азизхонов И.М., Тальгамер Б.Л.;2022;https://elibrary.ru/item.asp?id=49844142
ЭКОЛОГИЧЕСКАЯ СТРУКТУРА КАРЬЕРНЫХ РАЗРАБОТОК УГОЛЬНОГО МЕСТОРОЖДЕНИЯ КАРЕ-КЕЧЕ, КЫРГЫЗСТАН;Мурзакматов Р.Т., Шишикин А.С.;2015;https://elibrary.ru/item.asp?id=26075494
МЕТОД БОЛЬШИХ ШЛИФОВ ВНИГРИ НА СЛУЖБЕ ПОВЫШЕНИЯ ЭФФЕКТИВНОСТИ ПОДСЧЕТА ЗАПАСОВ И РАЗРАБОТКИ МЕСТОРОЖДЕНИЙ НЕФТИ И ГАЗА;Антоновская Т.В.;2012;https://elibrary.ru/item.asp?id=17907301
ОСОБЕННОСТИ РАЗРАБОТКИ ТАЙЛАКОВСКОГО НЕФТЯНОГО МЕСТОРОЖДЕНИЯ (ХМАО);Гусев П.Ю.;2012;https://elibrary.ru/item.asp?id=24176084
ОСНОВНЫЕ НАПРАВЛЕНИЯ РАЗВИТИЯ ГЕОТЕХНОЛОГИЙ ПОДЗЕМНОЙ РАЗРАБОТКИ РУДНЫХ МЕСТОРОЖДЕНИЙ НА БОЛЬШИХ ГЛУБИНАХ;Айнбиндер И.И., Галченко Ю.П., Овчаренко О.В., Пацкевич П.Г.;2017;https://elibrary.ru/item.asp?id=30741677
"РАЗРАБОТКА МНОГОКОМПОНЕНТНЫХ КИСЛОТНЫХ СОСТАВОВ ДЛЯ КАРБОНАТНЫХ КОЛЛЕКТОРОВ МЕСТОРОЖДЕНИЙ ООО ""НЕФТЯНОЙ МИР""";Зиновьев А.М., Машнина Т.Ю., Маринин И.А., Чегуров С.П.;2022;https://elibrary.ru/item.asp?id=49324763
РАЗВИТИЕ ТЕХНОЛОГИЙ РАЗРАБОТКИ МЕСТОРОЖДЕНИЙ ВЫСОКОВЯЗКОЙ НЕФТИ В СОВРЕМЕННЫХ УСЛОВИЯХ;Зиганшин Р.Ш., Маргачев Д.А., Зиновьев А.М., Борисевич Ю.П., Никитин А.В., Шейкина М.А.;2023;https://elibrary.ru/item.asp?id=54407611
РАЗВИТИЕ МЕТОДОВ ГЕОАКУСТИЧЕСКОГО КОНТРОЛЯ УДАРООПАСНОГО СОСТОЯНИЯ МАССИВА ГОРНЫХ ПОРОД ПРИ РАЗРАБОТКЕ РУДНЫХ МЕСТОРОЖДЕНИЙ ДАЛЬНЕГО ВОСТОКА;Рассказов И.Ю.;2006;https://elibrary.ru/item.asp?id=16105062
ЭКОЛОГИЧЕСКАЯ БЕЗОПАСНОСТЬ РАЗРАБОТКИ РУДНЫХ МЕСТОРОЖДЕНИЙ;Цыганков Д.А.;2002;https://elibrary.ru/item.asp?id=11696023
РАЗРАБОТКА СПОСОБОВ ПРОВЕДЕНИЯ И КРЕПЛЕНИЯ КАПИТАЛЬНЫХ ВЫРАБОТОК В УДАРООПАСНЫХ ЗОНАХ МЕСТОРОЖДЕНИЙ ГОРНОЙ ШОРИИ;Белоусов Е.А.;2006;https://elibrary.ru/item.asp?id=16086111
РАЗРАБОТКА ИМИТАЦИОННОЙ МОДЕЛИ ТЕХНОЛОГИЧЕСКОЙ СИСТЕМЫ ПОДДЕРЖАНИЯ ПЛАСТОВОГО ДАВЛЕНИЯ НЕФТЯНЫХ МЕСТОРОЖДЕНИЙ;Велиев М.К., Сушков В.В.;2013;https://elibrary.ru/item.asp?id=22405865
ДОЛГИЙ ПУТЬ ДО ОТКРЫТИЯ МЕСТОРОЖДЕНИЯ И ЕГО ВВОДА В РАЗРАБОТКУ;Кононов Ю.С.;2017;https://elibrary.ru/item.asp?id=35329718
ИСТОРИЯ РАЗРАБОТКИ *** МЕСТОРОЖДЕНИЯ;Гаврилов А.Е.;2018;https://elibrary.ru/item.asp?id=36593666
СОЗДАНИЕ МЕТОДОВ ПРОГНОЗИРОВАНИЯ И ПРЕДОТВРАЩЕНИЯ СОЛЕОБРАЗОВАНИЯ ПРИ РАЗРАБОТКЕ НЕФТЯНЫХ МЕСТОРОЖДЕНИЙ С ТЕХНОЛОГИЯМИ ПОВЫШЕНИЯ НЕФТЕОТДАЧИ;Кащавцев В.Е.;2000;https://elibrary.ru/item.asp?id=19153397
КОНЦЕССИЯ - КАК СПОСОБ СОДЕЙСТВИЯ ИНВЕСТИЦИОННЫМ ПРОЦЕССАМ ПРИ РАЗРАБОТКЕ ТРУДНОДОСТУПНЫХ МЕСТОРОЖДЕНИЙ ПОЛЕЗНЫХ ИСКОПАЕМЫХ;Назарова З.М., Леонидова Ю.А.;2018;https://elibrary.ru/item.asp?id=36284776
"ОБОСНОВАНИЕ ПО ПРИМЕНЕНИЮ КОМБАЙНОВ С РЕЖУЩИМИ ИСПОЛНИТЕЛЬНЫМИ ОРГАНАМИ ПРИ ПОДЗЕМНОЙ РАЗРАБОТКЕ РОССЫПНОГО МЕСТОРОЖДЕНИЯ ""СОЛУР""";Николаева А.А., Марков В.С., Лабутин В.Н.;2014;https://elibrary.ru/item.asp?id=22769160
СПОСОБ ПОДЗЕМНОЙ РАЗРАБОТКИ МЕСТОРОЖДЕНИЙ В КРИОЛИТОЗОНЕ;Михайлов Ю.В., Горный С.В.;2001;https://elibrary.ru/item.asp?id=37866975
СОЗДАНИЕ ИНТЕГРИРОВАННОЙ МОДЕЛИ СЕКТОРА НЕФТЕГАЗОКОНДЕНСАТНОГО МЕСТОРОЖДЕНИЯ ДЛЯ СОВЕРШЕНСТВОВАНИЯ И ОПТИМИЗАЦИИ РАЗРАБОТКИ;Каравский Д.В., Полянский В.А.;2019;https://elibrary.ru/item.asp?id=41369760
ИНЖЕНЕРНО-ГЕОЛОГИЧЕСКИЕ УСЛОВИЯ РАЗРАБОТКИ ОТКРЫТЫМ СПОСОБОМ МОХОВСКОГО УГОЛЬНОГО МЕСТОРОЖДЕНИЯ КУЗБАССА;Ольховатенко В.Е., Трофимова Г.И.;2013;https://elibrary.ru/item.asp?id=22975075
РАЗРАБОТКА СЛОЖНОСТРУКТУРНЫХ КРУТОПАДАЮЩИХ РУДНЫХ МЕСТОРОЖДЕНИЙ С ИСПОЛЬЗОВАНИЕМ ПОДЗЕМНЫХ ГОРНО-ОБОГАТИТЕЛЬНЫХ КОМПЛЕКСОВ;Пирогов Г.Г.;2008;https://elibrary.ru/item.asp?id=15927899
РАЦИОНАЛЬНЫЙ СПОСОБ РАЗРАБОТКИ МАЛОМОЩНЫХ КРУТОПАДАЮЩИХ РУДНЫХ МЕСТОРОЖДЕНИЙ;Секисов Г.В., Соболев А.А.;2012;https://elibrary.ru/item.asp?id=18899878
РАЗРАБОТКА ТЕОРЕТИЧЕСКИХ И ТЕХНОЛОГИЧЕСКИХ ОСНОВ ПОВЫШЕНИЯ ГАЗООТДАЧИ МЕСТОРОЖДЕНИЙ ПРИРОДНЫХ ГАЗОВ ПРИ ВОДОНАПОРНОМ РЕЖИМЕ;Эседулаев Р.;1994;https://elibrary.ru/item.asp?id=30239978
АНАЛИЗ ПРИЧИН ОТКАЗОВ И РАЗРАБОТКА МЕРОПРИЯТИЙ ПО СОВЕРШЕНСТВОВАНИЮ РАБОТЫ МЕХАНИЗИРОВАННОГО ФОНДА СКВАЖИН ВАНКОРСКОГО НЕФТЕГАЗОВОГО МЕСТОРОЖДЕНИЯ;Петрушин Е.О., Арутюнян А.С.;2020;https://elibrary.ru/item.asp?id=43736363
ОЦЕНКА ИЗМЕНЕНИЙ ГЕОЛОГИЧЕСКОЙ СРЕДЫ ПРИ РАЗРАБОТКЕ ТВЕРДЫХ ПОЛЕЗНЫХ ИСКОПАЕМЫХ(НА ПРИМЕРЕ МЕДНОКОЛЧЕДАННЫХ МЕСТОРОЖДЕНИЙ ЮЖНОГО УРАЛА);Григорьева С.В.;2017;https://elibrary.ru/item.asp?id=29169300
СПОСОБ РАЗРАБОТКИ МОЩНЫХ МЕСТОРОЖДЕНИЙ;Левин В.С., Мальсагов А.Д., Дзауров М.А., Богданов М.Н., Пушкарев Н.Д.;1991;https://elibrary.ru/item.asp?id=40670936
ИСПОЛЬЗОВАНИЕ КАРТ ИЗОКОНЦЕНТРАТ ДЛЯ КОНТРОЛЯ РАЗРАБОТКИ МЕСТОРОЖДЕНИЯ;Басниев К.С., Журов Ю.А.;1978;https://elibrary.ru/item.asp?id=36906278
ГОРНОПРОХОДЧЕСКИЕ ПОДЪЕМНЫЕ МАШИНЫ В ТЕХНОЛОГИЧЕСКИХ ПРОЦЕССАХ РАЗРАБОТКИ МЕСТОРОЖДЕНИЙ НА БОЛЬШИХ ГЛУБИНАХ;Курочкин А.И., Подболотов С.В., Габбасов Б.М., Романько Е.А., Тулубаева М.Ф.;2020;https://elibrary.ru/item.asp?id=44551628
ГЕОЭКОЛОГИЧЕСКИЕ АСПЕКТЫ РАЗРАБОТКИ МЕСТОРОЖДЕНИЙ ЖЕЛЕЗОМАРГАНЦЕВЫХ КОНКРЕЦИЙ В РУДНОЙ ПРОВИНЦИИ КЛАРИОН-КЛИППЕРТОН ТИХОГО ОКЕАНА;Козлов С.А., Поляков Е.В., Неизвестнов Я.В., Решетова О.В.;1999;https://elibrary.ru/item.asp?id=44672307
СПОСОБ РАЗРАБОТКИ КРУТОПАДАЮЩИХ МЕСТОРОЖДЕНИЙ ПРИ ОТРАБОТКЕ ГЛУБОКИХ ГОРИЗОНТОВ КАРЬЕРА;Зобнин В.И., Чижов Е.А., Лукичев В.Г.;2003;https://elibrary.ru/item.asp?id=37911061
СОВЕРШЕНСТВОВАНИЕ ТЕХНОЛОГИИ РАЗРАБОТКИ ОБВОДНЕННЫХ БУРОУГОЛЬНЫХ МЕСТОРОЖДЕНИЙ ДАЛЬНЕГО ВОСТОКА;Костылев Ю.В.;2010;https://elibrary.ru/item.asp?id=19321672
ФОРМИРОВАНИЕ ЛИКВИДАЦИОННЫХ ФОНДОВ НА ЗАВЕРШАЮЩЕЙ СТАДИИ РАЗРАБОТКИ НЕФТЕГАЗОВЫХ МЕСТОРОЖДЕНИЙ;Тузмухаметова Р.М., Петрова О.А.;2013;https://elibrary.ru/item.asp?id=21454050
РАЗРАБОТКА ФИЗИКО-ХИМИЧЕСКИХ ОСНОВ ИЗВЛЕЧЕНИЯ РЕДКИХ И РЕДКОЗЕМЕЛЬНЫХ МЕТАЛЛОВ ИЗ НЕФТЕТИТАНОВОГО КОНЦЕНТРАТА ЯРЕГСКОГО МЕСТОРОЖДЕНИЯ;Политова Е.Д.;2015;https://elibrary.ru/item.asp?id=53876199
МЕТОДЫ И ТЕХНОЛОГИИ РАЗРАБОТКИ И ЭКСПЛУАТАЦИИ ГАЗОГИДРАТНЫХ МЕСТОРОЖДЕНИЙ;Прунчак М.;2022;https://elibrary.ru/item.asp?id=49489659
СПОСОБ РАЗРАБОТКИ НЕФТЯНОГО МЕСТОРОЖДЕНИЯ;Алтунина Л.К., Кувшинов В.А., Стасьева Л.А.;2001;https://elibrary.ru/item.asp?id=37875198
ГЕОЭКОЛОГИЧЕСКИЕ АСПЕКТЫ РАЗРАБОТКИ ЗОЛОТОРУДНЫХ МЕСТОРОЖДЕНИЙ МЕДДЕН (ЙЕМЕН);Айдарус Абдулрахман Абдулла Катан;2005;https://elibrary.ru/item.asp?id=16060484
СОВРЕМЕННЫЕ ТЕХНОЛОГИИ РАЗРАБОТКИ МЕСТОРОЖДЕНИЙ ВЫСОКОВЯЗКИХ НЕФТЕЙ;Чекушина Е.В., Джимиева Р.Б.;2008;https://elibrary.ru/item.asp?id=11575569
ИНТЕНСИФИКАЦИЯ ДОБЫЧИНА ЗАВЕРШАЮЩЕЙ СТАДИИ РАЗРАБОТКИ МЕСТОРОЖДЕНИЙ ЗАПАДНОЙ СИБИРИ;Кустышев А.В., Паникаровский Е.В., Кустышев Д.А.;2014;https://elibrary.ru/item.asp?id=21724835
СПОСОБ БОРЬБЫ С МЕТАНОМ ПРИ РАЗРАБОТКЕ УГОЛЬНЫХ МЕСТОРОЖДЕНИЙ;Нестеров А.И., Бурчаков А.С., Москаленко Э.М., Смольянинов Н.Г., Перминов Б.Н., Назаренко А.В.;1986;https://elibrary.ru/item.asp?id=40394891
ОСНОВНЫЕ ПРОЕКТНЫЕ РЕШЕНИЯ И СОВЕРШЕНСТВОВАНИЕ РАЗРАБОТКИ ЗАЛЕЖИ НЕФТИ МЕСТОРОЖДЕНИЯ БЕЛЫЙ ТИГР;Арешев Е.Г., Белянин Г.Н., Демушкин Ю.И., Тай Ч.К.;1996;https://elibrary.ru/item.asp?id=38034490
РАЗРАБОТКА МОДУЛЬНОГО ПЕРЕРАБАТЫВАЮЩЕГО КОМПЛЕКСА ПОДЗЕМНОГО СКВАЖИННОГО ВЫЩЕЛАЧИВАНИЯ УРАНА ДЛЯ ЛОКАЛЬНЫХ УЧАСТКОВ МЕСТОРОЖДЕНИЙ;Дуйсебаев Б.О., Копбаева М.П., Панова Е.Н., Смайлов Е.К.;2011;https://elibrary.ru/item.asp?id=17230916
ОБОСНОВАНИЕ ТЕХНОЛОГИИ ВЫСОТНОГО СКЛАДИРОВАНИЯ ПОРОД-ОТХОДОВ ПРИ РАЗРАБОТКЕ КАЛИЙНЫХ МЕСТОРОЖДЕНИЙ;Комаров Ю.А.;2016;https://elibrary.ru/item.asp?id=30447118
ОБОСНОВАНИЕ СИСТЕМЫ КОМПЛЕКСНЫХ МЕРОПРИЯТИЙ ПО ПОВЫШЕНИЮ ЭФФЕКТИВНОСТИ РАЗРАБОТКИ РУДНЫХ МЕСТОРОЖДЕНИЙ ЯКУТИИ;Батугина Н.С., Ткач С.М.;2010;https://elibrary.ru/item.asp?id=15578919
ОЦЕНКА ЭФФЕКТИВНОСТИ ПАРЛИФТНОЙ ДОБЫЧИ ФЛЮИДА НА МУТНОВСКОМ ГЕОТЕРМАЛЬНОМ МЕСТОРОЖДЕНИИ (КАМЧАТКА) ПРИ РАЗРАБОТКЕ ГЛУБОКИХ ГОРИЗОНТОВ;Шулюпин А.Н., Любин А.А., Чернев И.И.;2021;https://elibrary.ru/item.asp?id=47096225
СОВЕРШЕНСТВОВАНИЕ И АКТУАЛИЗАЦИЯ ПРИЛОЖЕНИЯ ДЛЯ ПОДДЕРЖКИ СИСТЕМЫ УПРАВЛЕНИЯ ПРОЦЕССАМИ РАЗРАБОТКИ И ЭКСПЛУАТАЦИИ МЕСТОРОЖДЕНИЙ УГЛЕВОДОРОДОВ;Сахтаева М.М.;2022;https://elibrary.ru/item.asp?id=52693004
ПРОГНОЗИРОВАНИЕ СОДЕРЖАНИЯ КОНДЕНСАТА В ПЛАСТОВОМ ГАЗЕ ПРИ РАЗРАБОТКЕ ГАЗОКОНДЕНСАТНЫХ МЕСТОРОЖДЕНИЙ;Максимова М.А., Лескин М.В., Ваганов Е.В., Кузнецов С.В.;2016;https://elibrary.ru/item.asp?id=28899546
ИНТЕГРАЦИОННЫЙ ПОДХОД К ПРОЕКТИРОВАНИЮ РАЗРАБОТКИ МЕСТОРОЖДЕНИЙ;Симонова Е., Стрекалов А.В.;2016;https://elibrary.ru/item.asp?id=26051383
НЕОБХОДИМОСТЬ СОХРАНЕНИЯ ГИДРОФИЛЬНОСТИ ПОРОД ПРИ РАЗРАБОТКЕ МЕСТОРОЖДЕНИЙ НА ТЕРРИТОРИИ УДМУРТСКОЙ РЕСПУБЛИКИ;Епифанов Ю.Г., Дьяконов К.А., Самсонова Д.И.;2022;https://elibrary.ru/item.asp?id=50234525
"ПРОГНОЗ ТЕХНОЛОГИЧЕСКИХ ПОКАЗАТЕЛЕЙ РАЗРАБОТКИ С ИСПОЛЬЗОВАНИЕМ АНАЛОГО-СТАТИСТИЧЕСКОЙ МОДЕЛИ НА ПРИМЕРЕ МЕСТОРОЖДЕНИЙ ООО ""ЛУКОЙЛ-ПЕРМЬ""";Червякова А.Н., Казаков К.В., Мальцева А.А., Грачева А.Г., Шелепова Д.В., Анурьев М.К.;2022;https://elibrary.ru/item.asp?id=50000613
РАЗРАБОТКА МЕТОДОВ ДОБЫЧИ НЕФТИ ИЗ ТРУДНОДОСТУПНЫХ МЕСТОРОЖДЕНИЙ;Датдов О., Агамырадов Д., Атаев С., Аллабердиев Д.;2024;https://elibrary.ru/item.asp?id=67235134
МЕТОДЫ РАСЧЕТА ТЕХНОЛОГИЧЕСКИХ ПОКАЗАТЕЛЕЙ ДОБЫЧИ ПОЛЕЗНЫХ КОМПОНЕНТОВ ИЗ ПОПУТНО ДОБЫВАЕМЫХ ВОД ПРИ РАЗРАБОТКЕ МЕСТОРОЖДЕНИЙ УГЛЕВОДОРОДНОГО СЫРЬЯ;Шандрыгин А.Н., Данько М.Ю., Саликова О.С., Тинькова И.А.;2024;https://elibrary.ru/item.asp?id=60045933
ОБОСНОВАНИЕ РАЦИОНАЛЬНОЙ ТЕХНОЛОГИИ ОТКРЫТОЙ РАЗРАБОТКИ МЕСТОРОЖДЕНИЙ КОМПЛЕКСНЫХ ЖЕЛЕЗОСОДЕРЖАЩИХ РУД (НА ПРИМЕРЕ ЧИНЕЙСКОГО МЕСТОРОЖДЕНИЯ ТИТАНОМАГНЕТИТОВЫХ РУД);Якимов А.А.;2004;https://elibrary.ru/item.asp?id=16043143
СПОСОБ РАЗРАБОТКИ МЕСТОРОЖДЕНИЯ И ОТКРЫТАЯ ВЫРАБОТКА;Шванк С.К., Хас Й.;2019;https://elibrary.ru/item.asp?id=37350088
РАЗРАБОТКА ТЕХНОЛОГИИ ПРЕДСТАВЛЕНИЯ ГЕОПРОСТРАНСТВЕННЫХ ДАННЫХ НА ТЕРРИТОРИЮ МЕСТОРОЖДЕНИЯ ЖАЙРЕМ;Рамазанов Д.С., Ганагина И.Г.;2022;https://elibrary.ru/item.asp?id=49267932
РАЗРАБОТКА ОРГАНО-МИНЕРАЛЬНОЙ ДОБАВКИ НА ОСНОВЕ ОСНОВЕ ГОРЕЛОЙ ПОРОДЫ КИЛЬДЯМСКОГО МЕСТОРОЖДЕНИЯ ДЛЯ БЕТОНОВ И РАСТВОРОВ;Каймонов В.В., Протодьяконов Е.И.;2015;https://elibrary.ru/item.asp?id=23900791
СПОСОБ РАЗРАБОТКИ КАЛИЙНОГО МЕСТОРОЖДЕНИЯ В ЗОНАХ ЗАМЕЩЕНИЯ СИЛЬВИНИТА КАМЕННОЙ СОЛЬЮ;Белкин В.В., Платыгин В.И., Кузнецов Н.В., Шумахер А.И.;2004;https://elibrary.ru/item.asp?id=37939611
ПРИРОДНО-ТЕХНИЧЕСКИЕ СИСТЕМЫ ПОДЗЕМНОЙ РАЗРАБОТКИ РУДНЫХ МЕСТОРОЖДЕНИЙ НА ОСНОВЕ КОНВЕРГЕНТНЫХ ГОРНЫХ ТЕХНОЛОГИЙ;Галченко Ю.П., Еременко В.А.;2023;https://elibrary.ru/item.asp?id=54924741
СПОСОБ ОТКРЫТОЙ РАЗРАБОТКИ НАКЛОННЫХ МЕСТОРОЖДЕНИЙ С ПРИМЕНЕНИЕМ ВРЕМЕННО НЕРАБОЧИХ БОРТОВ;Яковлев В.Л., Саканцев Г.Г., Яковлев А.В., Переход Т.М.;2018;https://elibrary.ru/item.asp?id=37367105
МЕТОДИЧЕСКИЕ ВОПРОСЫ КОМПЛЕКСНОЙ ОЦЕНКИ ДРОБЯЩЕГО И ТЕХНОГЕННОГО ДЕЙСТВИЯ ВЗРЫВНЫХ РАБОТ ПРИ ОТКРЫТОЙ РАЗРАБОТКЕ МЕСТОРОЖДЕНИЙ;Федотенко В.С., Ефремовцев Н.Н., Харченко А.В.;2024;https://elibrary.ru/item.asp?id=79560209
ГЕОДИНАМИЧЕСКАЯ БЕЗОПАСНОСТЬ РАЗРАБОТКИ ЖЕЛЕЗОРУДНЫХ МЕСТОРОЖДЕНИЙ СИБИРИ;Квочин В.А., Билибин В.В., Лобанова Т.В., Васильченков Т.П., Никитин В.Н., Матвеев И.Ф.;2005;https://elibrary.ru/item.asp?id=19008621
ОСОБЕННОСТИ СООРУЖЕНИЯ ГОРНЫХ ВЫРАБОТОК ПРИ РАЗРАБОТКЕ ЖЕЛЕЗОРУДНЫХ МЕСТОРОЖДЕНИЙ;Масаев Ю.А., Масаев В.Ю.;2018;https://elibrary.ru/item.asp?id=36355277
СПОСОБ ПОГАШЕНИЯ РУДНЫХ ЦЕЛИКОВ ПРИ РАЗРАБОТКЕ МАЛОМОЩНЫХ МЕСТОРОЖДЕНИЙ;Штеле В.И.;1991;https://elibrary.ru/item.asp?id=40670874
"НАУЧНАЯ ШКОЛА ""РАЗРАБОТКА МЕСТОРОЖДЕНИЙ ТВЕРДЫХ ПОЛЕЗНЫХ ИСКОПАЕМЫХ"": ЭТАПЫ СТАНОВЛЕНИЯ, ОСНОВНЫЕ РЕЗУЛЬТАТЫ ИССЛЕДОВАНИЙ, НАПРАВЛЕНИЯ РАЗВИТИЯ";Зубов В.П.;2013;https://elibrary.ru/item.asp?id=21526098
РАЗРАБОТКА ПЛАСТА АС3 МЕСТОРОЖДЕНИЯ ИМЕНИ ВИНОГРАДОВА;Левитина Е.Е., Абышев Д.А.;2022;https://elibrary.ru/item.asp?id=48367542
СПОСОБ РАЗРАБОТКИ НЕФТЯНЫХ МЕСТОРОЖДЕНИЙ;Боксерман А.А., Жданов С.А., Желтов Ю.П., Кочешков А.А., Раковский Н.Л., Садчиков П.Б., Сафиуллин Р.Х.;1972;https://elibrary.ru/item.asp?id=39677053
СПОСОБ РАЗРАБОТКИ БИТУМНЫХ МЕСТОРОЖДЕНИЙ ИЗОМЕТРИЧЕСКОЙ ФОРМЫ;Файзуллин В.А., Беляев А.С., Беляева Н.В., Талипов Р.Н.;2014;https://elibrary.ru/item.asp?id=37802567
ОСОБЕННОСТИ ПОДЗЕМНОЙ РАЗРАБОТКИ АБАКАНСКОГО МЕСТОРОЖДЕНИЯ С МАССОВЫМ ОБРУШЕНИЕМ РУДЫ;Байбородов Я.Н., Еременко В.А.;2012;https://elibrary.ru/item.asp?id=18776719
ПРЕДВАРИТЕЛЬНАЯ СХЕМА РАЗРАБОТКИ ПЛАСТА ДII (ДЕВОН) ТУЙМАЗИНСКОГО НЕФТЯНОГО МЕСТОРОЖДЕНИЯ;Крылов А.П., Глоговский М.М., Буялов Н.И., Николаевский Н.М., Чарный И.А.;1947;https://elibrary.ru/item.asp?id=44515996
ЭКОНОМИЧЕСКОЕ ОБОСНОВАНИЕ ВОВЛЕЧЕНИЯ В РАЗРАБОТКУ ТЕХНОГЕННЫХ МЕСТОРОЖДЕНИЙ МЕТАЛЛОВ ПЛАТИНОВОЙ ГРУППЫ;Сенютина А.Б.;2006;https://elibrary.ru/item.asp?id=16107340
РАЗРАБОТКА ОТКРЫТОЙ ГЕОТЕХНОЛОГИИ ОТРАБОТКИ НАГОРНЫХ МЕСТОРОЖДЕНИЙ ДОЛОМИТА С ПРИМЕНЕНИЕМ КОМБИНИРОВАННОГО СПОСОБА ДЕЗИНТЕГРАЦИИ МАССИВА ГОРНЫХ ПОРОД;Олисаев А.С.;2020;https://elibrary.ru/item.asp?id=54468784
СПОСОБ ОТКРЫТОЙ РАЗРАБОТКИ КРУТОПАДАЮЩИХ И НАКЛОННЫХ МЕСТОРОЖДЕНИЙ;Коваленко В.С.;1993;https://elibrary.ru/item.asp?id=40711527
УПРАВЛЕНИЕ ФАЗОВЫМИ ПЕРЕХОДАМИ ПРИ РАЗРАБОТКЕ ГАЗОГИДРАТНЫХ МЕСТОРОЖДЕНИЙ;Джафаров Д.С.;2013;https://elibrary.ru/item.asp?id=20571848
ОЦЕНКА ОПАСНОСТИ РАЗРУШЕНИЯ РУДНЫХ ЦЕЛИКОВ ПРИ КАМЕРНО-СТОЛБОВОЙ СИСТЕМЕ РАЗРАБОТКИ МЕСТОРОЖДЕНИЙ;Федоренко Ю.В., Версилов С.О., Новиков С.И., Селезнев В.П.;2007;https://elibrary.ru/item.asp?id=17019461
ИСПОЛЬЗОВАНИЕ IRAPRMS ДЛЯ МОНИТОРИНГА РАЗРАБОТКИ ЮЖНО-ОХТЕУРСКОГО МЕСТОРОЖДЕНИЯ;Новоселов М.М.;2014;https://elibrary.ru/item.asp?id=23356586
ГЕОЛОГО-ТЕХНОЛОГИЧЕСКОЕ МОДЕЛИРОВАНИЕ СРЕДНЕ-ВЕРХНЕЮРСКИХ ОТЛОЖЕНИЙ ЗАПАДНОЙ СИБИРИ С ЦЕЛЬЮ ПОИСКА И РАЗРАБОТКИ МЕСТОРОЖДЕНИЙ УГЛЕВОДОРОДОВ;Шпуров И.В., Шиманский В.В.;2012;https://elibrary.ru/item.asp?id=19486899
АНАЛИЗ ГЕОЛОГИЧЕСКИХ УСЛОВИЙ РАЗРАБОТКИ ЯУНЛОРСКОГО МЕСТОРОЖДЕНИЯ;Юшкова С.А.;2022;https://elibrary.ru/item.asp?id=47928852
ЭКОНОМИЧЕСКАЯ ОЦЕНКА И ПРОГНОЗИРОВАНИЕ ЭКОЛОГИЧЕСКИХ ПОСЛЕДСТВИЙ РАЗРАБОТКИ НЕФТЯНЫХ МЕСТОРОЖДЕНИЙ;Юшкова И.В.;2000;https://elibrary.ru/item.asp?id=15981060
АНАЛИЗ И ОПТИМИЗАЦИЯ РАЗРАБОТКИ НЕФТЯНЫХ МЕСТОРОЖДЕНИЙ НА ПОЗДНЕЙ СТАДИИ НА ПРИМЕРЕ ОТДЕЛЬНЫХ ПЛОЩАДЕЙ РОМАШКИНСКОГО МЕСТОРОЖДЕНИЯ;Крылова Е.В.;2009;https://elibrary.ru/item.asp?id=19211679
ОЦЕНКА ВЛИЯНИЯ ИЗМЕНЕНИЙ В РАСЧЕТЕ НДПИ НА ЭФФЕКТИВНОСТЬ ПРОЕКТОВ РАЗРАБОТКИ НЕФТЯНЫХ МЕСТОРОЖДЕНИЙ ЗАПАДНОЙ СИБИРИ;Янин К.Е.;2007;https://elibrary.ru/item.asp?id=20892597
РАЗВИТИЕ ТЕОРИИ, ПРИНЦИПОВ И ТЕХНОЛОГИЙ РАЗРАБОТКИ МЕСТОРОЖДЕНИЙ НЕФТИ НА ОСНОВЕ КОМПЬЮТЕРНОГО МОДЕЛИРОВАНИЯ;Закиров И.С.;2006;https://elibrary.ru/item.asp?id=26558123
РАЗРАБОТКА ОБОБЩЕННОЙ ГИДРОДИНАМИЧЕСКОЙ МОДЕЛИ МНОГОФАЗНЫХ ТЕЧЕНИЙ ПРИ ОСВОЕНИИ СКВАЖИН С ПРИМЕНЕНИЕМ СТРУЙНОГО НАСОСА НА НЕФТЕГАЗОКОНДЕНСАТНЫХ МЕСТОРОЖДЕНИЯХ;Федоров В.В.;2005;https://elibrary.ru/item.asp?id=16057657
СПОСОБ РАЗРАБОТКИ НЕФТЯНОГО МЕСТОРОЖДЕНИЯ;Салямов З.З., Шарифуллина Р.З., Сулейманов А.Г., Савельев Ю.С., Капырин Ю.В., Полищук А.М., Суркова Е.М.;1996;https://elibrary.ru/item.asp?id=38031795
"РАЗРАБОТКА КИСЛОТНОЙ КОМПОЗИЦИИ С УЧЕТОМ МИНЕРАЛОГИЧЕСКОГО СОСТАВА И УСЛОВИЙ ИНТЕРВАЛА ОТЛОЖЕНИЙ НИЖНЕГО МИОЦЕНА МЕСТОРОЖДЕНИЯ ""БЕЛЫЙ ТИГР""";Магадова Л.А., Ву В.Т., Пахомов М.Д., Нгуен К.З., Губанов В.Б.;2020;https://elibrary.ru/item.asp?id=42987910
"К ВОПРОСУ О ТЕРМИНЕ ""CИСТЕМА ПОДЗЕМНОЙ РАЗРАБОТКИ РУДНЫХ МЕСТОРОЖДЕНИЙ""";Ломоносов Г.Г.;2014;https://elibrary.ru/item.asp?id=23700452
СПОСОБ РЕГУЛИРОВАНИЯ РАЗРАБОТКИ НЕФТЯНЫХ МЕСТОРОЖДЕНИЙ ЗАВОДНЕНИЕМ;Шпуров И.В., Мазаев В.В., Абатуров С.В.;2002;https://elibrary.ru/item.asp?id=37887545
ИНТЕГРАЦИОННЫЙ ПОДХОД К ПРОЕКТИРОВАНИЮ РАЗРАБОТКИ МЕСТОРОЖДЕНИЙ;Симонова Е.А.;2016;https://elibrary.ru/item.asp?id=26361707
БУРЕНИЕ МНОГОЗАБОЙНЫХ ГОРИЗОНТАЛЬНЫХ СКВАЖИН ДЛЯ РАЗРАБОТКИ НЕФТЯНЫХ ОТОРОЧЕК НА ПРИМЕРЕ НОВОПОРТОВСКОГО МЕСТОРОЖДЕНИЯ;Бриккманн Е.А., Кааров Ж.;2018;https://elibrary.ru/item.asp?id=35612469
СПОСОБ РАЗРАБОТКИ РУДНЫХ МЕСТОРОЖДЕНИЙ;Влох Н.П., Гобов Н.В., Зубков А.В., Липин Я.И., Шуплецов Ю.П.;1981;https://elibrary.ru/item.asp?id=40292395
НАУЧНОЕ ОБОСНОВАНИЕ СИСТЕМ РАЗРАБОТКИ ЮРСКИХ ОТЛОЖЕНИЙ МЕСТОРОЖДЕНИЙ СУРГУТСКОГО СВОДА;Стрикун М.М.;2010;https://elibrary.ru/item.asp?id=19326958
ВОДОПЛАВАЮЩИЕ ПТИЦЫ СРЕДНЕГО ПРИОБЬЯ В УСЛОВИЯХ ИНТЕНСИВНОЙ РАЗРАБОТКИ НЕФТЯНЫХ МЕСТОРОЖДЕНИЙ;Пиминов В.Н., Синицын А.А.;2017;https://elibrary.ru/item.asp?id=64894152
РАЗРАБОТКА И ОБОСНОВАНИЕ ПАРАМЕТРОВ КОМБИНИРОВАННОЙ ТЕХНОЛОГИИ ПЕРЕРАБОТКИ ТЕННАНТИТСОДЕРЖАЩИХ РУД МЕДНО-КОЛЧЕДАННЫХ МЕСТОРОЖДЕНИЙ УРАЛА;Ягудина Ю.Р.;2015;https://elibrary.ru/item.asp?id=30429619
ГИДРОГЕОЛОГИЧЕСКИЙ МОНИТОРИНГ АПТ-СЕНОМАНСКОГО ВОДОНОСНОГО КОМПЛЕКСА ПРИ РАЗРАБОТКЕ НЕФТЯНЫХ МЕСТОРОЖДЕНИЙ ЗАПАДНОЙ СИБИРИ;Дьяконова Д.В.;2012;https://elibrary.ru/item.asp?id=22453754
ОБЗОР ТЕХНОЛОГИЙ, ПРИМЕНЯЕМЫЕ ПРИ РАЗРАБОТКЕ МЕСТОРОЖДЕНИЙ БИТУМНЫХ НЕФТЕЙ;Галиуллина И.Ф., Гильманова А.М., Бадыков Д.Р., Шамарти С.А.Х.;2020;https://elibrary.ru/item.asp?id=44455911
ИСПОЛЬЗОВАНИЕ СИНЕРГЕТИЧЕСКОГО ЭФФЕКТА КЛАСТЕРНОГО РАЗВИТИЯ ДЛЯ ПОВЫШЕНИЕ РЕНТАБЕЛЬНОСТИ РАЗРАБОТКИ НЕФТЕГАЗОВЫХ МЕСТОРОЖДЕНИЙ;Эшенкулов Д.А.;2016;https://elibrary.ru/item.asp?id=27629902
